SQUARE_PHARMA,LHBL,RAK_CERAMIC,Date
2953,512.75,207.8,6/13/2010
3045.25,531.25,190.3,6/14/2010
3086,539.25,183.9,6/15/2010
3105.75,539,172.8,6/16/2010
3063.25,549.25,191.2,6/17/2010
3086.5,568.75,185.9,6/20/2010
3092.75,579.75,181.8,6/21/2010
3122.25,579.25,182,6/22/2010
3090.25,554.25,180.4,6/23/2010
3116.5,568.5,178.7,6/24/2010
3244.25,562.5,178.4,6/27/2010
3283.75,549,175.4,6/28/2010
3255.5,554.75,171.9,6/29/2010
3243.25,562,170.5,6/30/2010
3247,557.5,167.1,7/4/2010
3255,555,166.8,7/5/2010
3339.25,553.25,170.1,7/6/2010
3387.5,555.75,179.3,7/7/2010
3505.25,556,177.6,7/8/2010
3604.25,559.75,172.3,7/11/2010
3592.25,555.5,170.1,7/12/2010
3577.75,570.5,170.8,7/13/2010
3637.25,576.75,171.2,7/14/2010
3617.5,567.5,183.9,7/15/2010
3644,560.25,205.9,7/18/2010
3651.5,521,212.5,7/19/2010
3675.75,500.75,207.5,7/20/2010
3746.75,488.5,218.6,7/21/2010
3729.75,502,220.2,7/22/2010
3699.25,491.25,226.7,7/25/2010
3722.25,465.25,238.9,7/26/2010
3687.75,475.25,227.6,7/27/2010
3673,474.5,220,7/29/2010
3655.5,479.5,214.7,8/1/2010
3651,474.75,225.7,8/2/2010
3606.25,465.25,225.6,8/3/2010
3605.25,452,221.5,8/4/2010
3570.5,450.75,220.1,8/5/2010
3609.75,448.5,216.7,8/8/2010
3596.25,446.25,215,8/9/2010
3554,440,216.7,8/10/2010
3529.5,439,216.3,8/11/2010
3570.75,441.75,214.1,8/12/2010
3576,465.75,209.4,8/16/2010
3565.25,457,206.9,8/17/2010
3554,459.75,215.2,8/18/2010
3535.75,458.75,215.4,8/19/2010
3545.75,457,218.9,8/22/2010
3543.5,459.75,222.3,8/23/2010
3517.5,451.75,221.5,8/24/2010
3490.75,450,215.3,8/25/2010
3551.75,457,214.9,8/26/2010
3560.5,452.5,213.3,8/29/2010
3568,462.25,213.1,8/30/2010
3585.5,455.25,213,8/31/2010
3593.25,450,216.8,9/2/2010
3672.25,449.75,218.2,9/5/2010
3642.5,457.75,214.3,9/6/2010
3592.75,430.25,210.9,9/8/2010
3584,443,211.2,9/13/2010
3600.75,438.5,209.9,9/14/2010
3580.5,459,209.4,9/15/2010
3575,461.75,207.6,9/16/2010
3563.25,455.25,206.8,9/19/2010
3520.75,452.75,212.2,9/20/2010
3490.5,436.75,209.5,9/21/2010
3495.25,438,207.7,9/22/2010
3601,441.25,207.2,9/23/2010
3594.5,449.5,206.9,9/26/2010
3564,464.75,219.2,9/27/2010
3551.75,459.75,213.9,9/28/2010
3565.5,458,211.9,9/29/2010
3569.75,455.75,209.2,9/30/2010
3559.5,453.75,209.8,10/3/2010
3588,452.75,209.8,10/4/2010
3613,450.75,208.2,10/5/2010
3593,471,208.3,10/6/2010
3578.5,476.75,207.6,10/7/2010
3581,454.75,202.2,10/10/2010
3559.5,439,204.3,10/11/2010
3574.75,430.5,204,10/12/2010
3583.25,430.25,204.2,10/13/2010
3596.5,430.75,202.5,10/14/2010
3659,427.75,201.9,10/18/2010
3646,425.75,200.8,10/19/2010
3642.25,424,208.6,10/20/2010
3651.75,431.75,205.8,10/21/2010
3731.75,432,204.5,10/24/2010
3781.25,436.75,203,10/25/2010
3769,437,201.3,10/26/2010
3738,432.5,200.4,10/27/2010
3713.75,433.75,196.8,10/28/2010
3704.75,427.5,193.5,10/31/2010
3705.5,424,195.9,11/1/2010
3702.25,427.25,194,11/2/2010
3722,425.75,191.9,11/3/2010
3747,438,192.4,11/4/2010
3800.25,452.5,192,11/7/2010
3899.5,451.5,189.3,11/8/2010
3889,453.25,187.6,11/9/2010
3893.25,437.5,190.1,11/10/2010
3880.25,445,202,11/11/2010
3860,458.75,201.4,11/14/2010
3902.5,453.5,199,11/15/2010
3917,453.75,197.9,11/21/2010
3925,447.25,202.9,11/22/2010
3908,445.5,205.5,11/23/2010
3843.5,455.5,202.7,11/24/2010
3882.5,450.75,199.8,11/25/2010
3867,457.5,195.3,11/28/2010
3893.75,442,193.2,11/29/2010
4027.75,428.75,193.6,11/30/2010
4131.5,436.5,194.3,12/1/2010
4335.75,439.25,192.6,12/2/2010
4204,435,189.2,12/5/2010
4210.25,433.5,190.5,12/6/2010
4095.5,429.5,187,12/7/2010
4027.25,429.25,182.3,12/8/2010
4110.5,423.75,188.5,12/9/2010
4093.5,452.25,183.7,12/12/2010
4058.5,446.75,182.8,12/13/2010
4065.25,440.75,181.7,12/14/2010
4017.75,446,178.7,12/15/2010
3951.75,444.5,170.2,12/19/2010
3928.25,459.5,176.2,12/20/2010
3913.75,499.25,177.9,12/21/2010
3991,485.5,175.8,12/22/2010
3916.5,498,172.4,12/23/2010
3893,496.25,171.2,12/26/2010
3877.5,486,174,12/27/2010
3832.75,479.75,172.9,12/28/2010
3802.25,494.75,171.6,12/29/2010
3770.75,510,171.6,12/30/2010
3721.75,513.5,171.5,1/2/2011
3742.5,510.75,170.2,1/3/2011
3876.75,516.5,166.8,1/4/2011
3867.5,547.5,165.6,1/5/2011
3807.25,586.5,159.9,1/6/2011
3820.25,591,146.3,1/9/2011
3820,552.75,130.8,1/10/2011
3762.5,560.75,156.9,1/11/2011
3790.75,559.75,155.9,1/12/2011
3794.25,576,154.7,1/13/2011
3790.5,587.25,152.9,1/16/2011
3828,590.25,149.8,1/17/2011
3876.5,582.25,146,1/18/2011
3945.75,569.75,138.7,1/19/2011
3942.5,584.5,122.7,1/20/2011
3917.5,573.25,134.9,1/25/2011
3908.25,588.5,148.3,1/26/2011
3911.75,591,156.6,1/27/2011
3936.5,577.25,181.5,1/30/2011
4107.25,579.5,176.3,1/31/2011
4099,586.75,167.9,2/1/2011
4033.25,574.5,163.4,2/2/2011
3991,577.75,156.8,2/3/2011
3965,578,147,2/6/2011
4000.25,572.5,140.5,2/7/2011
3995.75,569.25,154.5,2/8/2011
3997.75,567.75,145,2/9/2011
4031.25,568.5,118.7,2/13/2011
4009,565.25,106.9,2/14/2011
3139.75,581.25,109.3,2/15/2011
3108.5,579,120.1,2/20/2011
3068.25,640.25,108.7,2/22/2011
3047.5,734,105.7,2/23/2011
3069.25,831.75,101.6,2/24/2011
3043.75,779,92.7,2/27/2011
3033.5,780.75,89,2/28/2011
3038.75,758.75,97.8,3/1/2011
3064.5,749.25,90.4,3/2/2011
3088.5,725.5,94.6,3/3/2011
3064.5,712.5,97.1,3/6/2011
3079,701,104.3,3/7/2011
3293.75,751.5,113.8,3/8/2011
3555.75,742.5,123.6,3/9/2011
3650.5,730.25,129.6,3/10/2011
3569.25,736.5,116.7,3/13/2011
3543.5,736.5,121.6,3/14/2011
3471.75,746.5,116.2,3/15/2011
3478.5,748.75,117.8,3/16/2011
3438.5,741.25,118.4,3/20/2011
3485.25,718.5,114.8,3/21/2011
3536.5,732,114.4,3/22/2011
3700.75,729.25,111.8,3/23/2011
3735,670.25,106.7,3/24/2011
3812.5,708.5,103.6,3/27/2011
3747.75,697.5,109.6,3/28/2011
3629.5,666.5,108.7,3/29/2011
3680.25,680.75,107,3/30/2011
3677.75,669.75,107.9,3/31/2011
3637.25,675,108.9,4/3/2011
3623.75,693,119.2,4/4/2011
3621.75,704.25,118,4/5/2011
3602,682.25,117.6,4/6/2011
3712,678.25,129.2,4/7/2011
3686.75,684.25,126.8,4/10/2011
3696.25,755.75,117.7,4/11/2011
3771.25,708.25,129.2,4/12/2011
3771.75,699.75,132.8,4/13/2011
3764.25,701,130.2,4/17/2011
3773.25,692.5,125.7,4/18/2011
3738.75,690.5,123.1,4/19/2011
3692.25,698,121.4,4/20/2011
3698.25,683,124.3,4/21/2011
3680,687.25,120.6,4/24/2011
3659,687.75,115.3,4/25/2011
3650.25,684.25,115.9,4/26/2011
3641,672.75,121.4,4/27/2011
3647.25,668.5,116,4/28/2011
3633.75,671,112.5,5/2/2011
3675,660.25,109.1,5/3/2011
3744,667,111.8,5/4/2011
3848.25,669.75,109.2,5/5/2011
4001,671,101,5/8/2011
3964.5,668.5,103.5,5/9/2011
3892.25,658.25,99.7,5/10/2011
3857.25,653.75,99.1,5/11/2011
3842.5,654,104.3,5/12/2011
3779.25,634.25,107.2,5/15/2011
3785.75,620,104.6,5/16/2011
3772.75,625.75,104.3,5/18/2011
3776.25,625.25,103,5/19/2011
3762.25,622.75,98.6,5/22/2011
3745,596.25,96.2,5/23/2011
3722.75,575.75,97.5,5/24/2011
3667.25,555,93.7,5/25/2011
3644.25,564,96.2,5/26/2011
3677.5,602.25,98.1,5/29/2011
3628.75,585,104.9,5/30/2011
3626.5,589,104.9,5/31/2011
3635.75,588.25,100,6/1/2011
3602.25,574.5,101.9,6/2/2011
3465,548,101.3,6/5/2011
3553,571.25,102.2,6/6/2011
3578.25,569.5,104.8,6/7/2011
3569.75,563.75,106.7,6/8/2011
3520,559.5,105.2,6/9/2011
3503,554,99.4,6/12/2011
3538.5,556.5,102.4,6/13/2011
3530.75,550.25,99.7,6/14/2011
3517.5,547.75,99.6,6/15/2011
3522,563.75,98.4,6/16/2011
3559.75,551.75,96.3,6/19/2011
3534.5,551,95.7,6/20/2011
3507.25,580,95.6,6/21/2011
3478.5,565.75,97.2,6/22/2011
3415.75,557.25,97.5,6/23/2011
3176.25,522.75,98.4,6/26/2011
3030,497,101.3,6/27/2011
3333,565.75,102.4,6/28/2011
3340.25,542,103.5,6/29/2011
3312.5,537.5,105,6/30/2011
3514.25,512.75,110.9,7/3/2011
3522.5,514,108,7/4/2011
3390.75,495.5,108.6,7/5/2011
3372.5,480.5,109,7/6/2011
3153.5,437.75,112.1,7/7/2011
3311,475,113.8,7/10/2011
3476.5,512.25,113.6,7/11/2011
3462.75,503.75,111.8,7/12/2011
3497.25,499.5,115,7/13/2011
3473,493.5,117.9,7/14/2011
3417.25,481,116.2,7/17/2011
3393.25,485.25,122.7,7/19/2011
3354,468,121.7,7/20/2011
3280.75,441,120.6,7/21/2011
3262.75,424,122.8,7/24/2011
3373,428.25,116.1,7/25/2011
3321.75,417.25,113.5,7/26/2011
3265,412,114.3,7/27/2011
3142.75,392,112.9,7/28/2011
2985.75,360.25,109,7/31/2011
3107,383.25,107.7,8/1/2011
3262.25,416.5,104.4,8/2/2011
3153.5,397.75,109.6,8/3/2011
3124,387.5,106.7,8/4/2011
3092.25,369,103.7,8/7/2011
2972.5,344,103.8,8/8/2011
2873.75,327,102.9,8/9/2011
3017.25,355.25,102.8,8/10/2011
2943,332,103.8,8/11/2011
3016.25,353.75,103.1,8/14/2011
3033,351.25,101,8/16/2011
3147.75,374.25,99.9,8/17/2011
3193.5,383.5,101.9,8/18/2011
3269.75,405.25,100.2,8/21/2011
3304.75,416.75,99.2,8/23/2011
3155,381.75,98.5,8/24/2011
3217.75,405.25,101.9,8/25/2011
3197,376.75,100.9,9/4/2011
3212.75,389.75,99.5,9/5/2011
3282.75,390.5,98.4,9/6/2011
3302.25,383.25,99.8,9/7/2011
3281.5,383.25,98.7,9/8/2011
3240.75,379.5,97.4,9/11/2011
3217.25,371.75,97.1,9/12/2011
3200.75,376.5,100.5,9/13/2011
3233.75,391.25,97.7,9/14/2011
3247,425.25,97.1,9/15/2011
3251.5,431.25,94.9,9/18/2011
3272.25,430.75,94.8,9/19/2011
3266.5,414.75,94.7,9/20/2011
3264.75,404.75,91.9,9/21/2011
3259.5,403.5,91.9,9/22/2011
3251.75,400,94.2,9/25/2011
3272.75,406.75,98.7,9/26/2011
3389.75,412.25,96.2,9/27/2011
3300.25,406.75,95.1,9/28/2011
3367.75,413.5,96.4,9/29/2011
3332,404.75,96.4,10/2/2011
3315.75,414,93.8,10/3/2011
3338.25,410.5,92.8,10/4/2011
3333.25,400,92.8,10/5/2011
3298.25,392.75,90.4,10/9/2011
3303.25,392.75,90.3,10/10/2011
3289.75,391.5,85.9,10/11/2011
3252.25,378.5,87,10/12/2011
3251.25,373,90.4,10/13/2011
3335.75,400.75,86.6,10/16/2011
3286,400.25,87,10/17/2011
3323.75,389.5,84.8,10/18/2011
3307.25,399.75,81.9,10/19/2011
3342.25,395.75,87.4,10/20/2011
3321,379.5,89.1,10/23/2011
3272.5,392.75,85.2,10/24/2011
3274.25,412,86,10/25/2011
3262.25,407.5,81.8,10/26/2011
3264.75,424.25,80.7,10/27/2011
3293.75,415.75,75.4,10/30/2011
3331.75,410.5,73.2,10/31/2011
3330.25,416.75,77.2,11/1/2011
3330.75,432,76.3,11/2/2011
3340,416.25,76.4,11/3/2011
3284.25,405.25,72.8,11/13/2011
3259,416.75,67.7,11/14/2011
3268.75,398.25,63.2,11/15/2011
3245.5,408.5,69.5,11/16/2011
3273.75,403.5,76.2,11/17/2011
3298.75,414.75,82.1,11/20/2011
3346.25,404.5,81.2,11/21/2011
3341.5,409.75,88.8,11/22/2011
3312.5,405.5,81,11/23/2011
3334,404.5,80.8,11/24/2011
3335.75,404,73,11/27/2011
3353.75,404.25,78.9,11/28/2011
3343.5,406.5,77.5,11/29/2011
3346.5,392.25,79.8,11/30/2011
3350.25,398.25,79.2,12/1/2011
3299.75,393,77.7,12/4/2011
3340.25,398.5,75.6,12/5/2011
3329.25,396.25,75.4,12/7/2011
3314.5,390.5,73.4,12/8/2011
3315.25,396.5,71.1,12/11/2011
3314.25,402.5,71.2,12/12/2011
3319,418,73.8,12/13/2011
3327.25,412,72.4,12/14/2011
3419,431.75,73,12/15/2011
3461.25,465,72.5,12/18/2011
3448.25,489,72.2,12/19/2011
3427.25,526.5,73.2,12/20/2011
3451.5,565.75,75.6,12/21/2011
3463.5,607.75,77.7,12/22/2011
3542.25,603.5,76.8,12/26/2011
3553.25,605.5,79.5,12/27/2011
3539.5,604.75,77.9,12/28/2011
3542.25,602,78.4,12/29/2011
3544,597.75,80.2,1/1/2012
3545,597.75,81.2,1/2/2012
3558.75,578.5,86.1,1/3/2012
3623.25,559.5,85.3,1/4/2012
3610.5,557.25,84.8,1/5/2012
3604.5,543,84.4,1/8/2012
3648,528.75,81.8,1/9/2012
3639.5,520,79.4,1/10/2012
3621.5,501.75,80,1/11/2012
3554,523,77.7,1/12/2012
3531.25,561.5,76.1,1/15/2012
3587.5,582,71.8,1/16/2012
3575.75,572.25,69.8,1/18/2012
3552.75,596,74.3,1/19/2012
3544,639.5,71.3,1/22/2012
3531.75,611,69.7,1/23/2012
3542,607.75,67.9,1/24/2012
3543.5,599.75,68.9,1/25/2012
3525.5,611,67.7,1/26/2012
3553.75,611,64.8,1/29/2012
3542,606.25,65.8,1/30/2012
3501,617.75,63,1/31/2012
3522.75,615.75,57.4,2/1/2012
3519,618.75,57.4,2/2/2012
3504.25,645.75,51.8,2/6/2012
3526.25,630.25,56.9,2/7/2012
3552.75,662.75,55.4,2/8/2012
2648,672.75,59.2,2/9/2012
2690.75,640.25,62.2,2/12/2012
2684.25,638.75,68.2,2/13/2012
2661.5,652,64.5,2/14/2012
2695,634.5,64.3,2/15/2012
2700.5,623.5,56.4,2/19/2012
2727,628.5,55.7,2/20/2012
2745.75,616.5,56.4,2/22/2012
2733.25,609.75,58.8,2/23/2012
2712.75,590.25,61.5,2/26/2012
2705,601.25,62.4,2/27/2012
2677.5,591,66,2/28/2012
2664.75,562.25,64,2/29/2012
2686.75,563,61.8,3/1/2012
2667.5,590.75,62.8,3/4/2012
2666.75,634.75,59.5,3/5/2012
2643,617,60.5,3/6/2012
2658,623.5,58.8,3/7/2012
2655.75,614,60,3/8/2012
2631,603.5,60,3/11/2012
2626.5,371.75,60.9,3/12/2012
2631,381.25,63.9,3/13/2012
2662.25,369.25,64,3/14/2012
2649.25,366.25,63.9,3/15/2012
2632.25,351.25,65.8,3/18/2012
2634.5,363.25,71.5,3/19/2012
2625.25,369.75,71.7,3/20/2012
2610.75,355.25,70.7,3/21/2012
2590,353.25,75.5,3/22/2012
2590.5,343,78.5,3/25/2012
2527.25,349,79.5,3/27/2012
2499.25,341.75,82.7,3/28/2012
2434.75,332.25,78.6,3/29/2012
2438,329.75,81.6,4/1/2012
2505.25,317.25,81.7,4/2/2012
2460.25,311.75,78.8,4/3/2012
2468.25,287,77.7,4/4/2012
2452.5,274.5,78.8,4/5/2012
2415,294,78.9,4/8/2012
2480.75,298.25,77.6,4/9/2012
2508.75,308.25,81.9,4/10/2012
2456.75,296.5,84.9,4/11/2012
2431.75,287.75,92.4,4/12/2012
2420.5,273.5,93.7,4/15/2012
2381,297,89,4/16/2012
2381,310,93.3,4/17/2012
2414,337,91.4,4/18/2012
2436.5,359.75,87.7,4/19/2012
2439.25,360.75,87.9,4/22/2012
2388.75,334.5,89.7,4/23/2012
2337,332.25,89.1,4/24/2012
2247.25,308.75,88,4/25/2012
2359.25,312.75,87.2,4/26/2012
2429.5,302.5,84,4/29/2012
2507,313.75,84.3,4/30/2012
2494,29.3,85.2,5/2/2012
2522.75,28.1,83.8,5/3/2012
2451.75,27.2,82.9,5/7/2012
2452.25,26.4,76.8,5/8/2012
2365.75,25.6,71.6,5/9/2012
2471.75,26,73.1,5/10/2012
2431.25,27.4,72.3,5/13/2012
2451,26.3,70.3,5/14/2012
243.3,26.7,70,5/15/2012
238,26.4,71,5/16/2012
235,26.4,72.5,5/17/2012
232.6,26.6,71.1,5/20/2012
228.1,26.7,72.3,5/21/2012
227.8,27.1,70.6,5/22/2012
233.8,26.5,70.3,5/23/2012
233.2,26.6,69.4,5/24/2012
234.2,26.6,68.7,5/27/2012
231.6,26.6,66.8,5/28/2012
233.5,26.5,66.6,5/29/2012
233.1,26.1,67.1,5/30/2012
235.2,26.2,68.6,5/31/2012
239.7,28.8,71.3,6/3/2012
236.5,30.6,68.3,6/4/2012
236.6,30.1,69.8,6/5/2012
236.5,28.5,69.9,6/6/2012
237.1,28,70.6,6/7/2012
238.9,30.5,70,6/10/2012
240.2,29,69.1,6/11/2012
241.1,29.1,68.8,6/12/2012
243.6,28.3,68.3,6/13/2012
241.9,27.4,67,6/14/2012
236.8,29.2,66,6/17/2012
234.2,27.5,64.6,6/18/2012
231.8,27.9,64.2,6/19/2012
231.3,26.8,62.4,6/20/2012
230.7,27.1,62,6/21/2012
227.3,26.9,61.7,6/24/2012
223.3,25.6,61.4,6/25/2012
215.4,26.5,63.9,6/26/2012
221.6,25.5,66.7,6/27/2012
213.2,24.1,66.7,6/28/2012
210.4,23.8,63.6,7/2/2012
207.7,21.8,62.6,7/3/2012
207.8,23.9,61.7,7/4/2012
206.3,21.9,61.6,7/5/2012
192.6,23.9,61.6,7/8/2012
204.1,25.4,59.6,7/9/2012
195.5,25.2,58.1,7/10/2012
190.5,24.9,60.8,7/11/2012
189.7,25.2,62.2,7/12/2012
178.1,24.8,59.1,7/15/2012
195.6,24.5,59.2,7/16/2012
186.7,25.1,59.8,7/17/2012
192.9,25.2,63.9,7/18/2012
199.2,26.5,63.8,7/19/2012
198.7,28,63.9,7/22/2012
193.8,27.5,65.2,7/23/2012
196.8,27.5,65.8,7/24/2012
198.4,27.1,63.4,7/25/2012
195.7,26.2,64.7,7/26/2012
194.8,26.5,63,7/29/2012
197.2,25.7,61.8,7/30/2012
201,25.7,61.1,8/1/2012
208,25.2,61.4,8/2/2012
209.5,26,60.5,8/5/2012
214.5,25.9,61.9,8/6/2012
217.3,26.4,61.3,8/7/2012
210.8,27.4,61.9,8/8/2012
211.6,27.3,62.2,8/12/2012
205.9,27.3,61.2,8/13/2012
206.5,27.4,62.5,8/14/2012
201.6,27.9,63.8,8/26/2012
206.8,27.5,62.7,8/27/2012
207.4,27.6,64.6,8/28/2012
210.3,27.8,67.3,8/29/2012
215.4,28.3,67.4,8/30/2012
212.2,27.7,65.8,9/2/2012
214.5,29.2,66.6,9/3/2012
218.5,30.1,68,9/4/2012
218.9,33.1,65.4,9/5/2012
222.4,35.9,64.5,9/6/2012
220,34.5,65.6,9/9/2012
220.8,35.5,64.3,9/10/2012
228.1,36.9,65.5,9/11/2012
231.1,37.1,69,9/12/2012
240.2,36,74.9,9/13/2012
237.3,35.9,72.4,9/16/2012
242.1,35.8,70,9/17/2012
240.1,35.8,71.9,9/18/2012
239.7,37.3,71.1,9/19/2012
235.5,38.3,69.2,9/20/2012
238.9,37.3,70.2,9/23/2012
237.3,36.6,69.7,9/24/2012
239.1,36.1,68.8,9/25/2012
241.5,35.8,68.5,9/26/2012
244.8,35.1,70.1,9/27/2012
263.2,34.5,67.7,9/30/2012
278,33.9,67.6,10/1/2012
274.6,32.7,67.8,10/2/2012
271.1,34.8,66.9,10/3/2012
267.1,37,66.1,10/4/2012
260.7,36.6,64.7,10/7/2012
263.6,36.4,63.8,10/8/2012
266.2,35.9,64.3,10/9/2012
276.1,34.6,63.4,10/10/2012
275.7,36.1,62.4,10/11/2012
275.6,36.2,61.1,10/14/2012
267.1,36.5,60.6,10/15/2012
272.2,36.5,60.3,10/16/2012
277.2,36.9,59.9,10/17/2012
275.1,38.2,59,10/18/2012
272.6,38.9,58.4,10/21/2012
268.9,39,60,10/22/2012
263.9,37.8,60.2,10/23/2012
268.7,38.3,59.9,10/30/2012
263.8,38.7,59.4,10/31/2012
264.2,39.6,58.8,11/1/2012
264.9,39.8,58.3,11/4/2012
264,38.9,57.8,11/5/2012
263.6,39.1,57.1,11/6/2012
263.4,39.6,56.3,11/7/2012
264.2,41.6,56.4,11/8/2012
261.9,40.3,55.4,11/11/2012
257.6,41.6,54.7,11/12/2012
256.7,43.5,56.7,11/13/2012
253.7,43.8,57.1,11/14/2012
251.8,42.7,61,11/15/2012
250.3,42.4,59.1,11/18/2012
251.7,42.9,57,11/19/2012
261.2,43.4,55.9,11/20/2012
267.6,42.3,56.2,11/21/2012
258.9,40.6,56.5,11/22/2012
261.1,39.8,55.7,11/26/2012
263.3,39.7,55.7,11/27/2012
263.8,39.2,55.5,11/28/2012
261.4,39.9,59,11/29/2012
256.7,38.6,56.9,12/2/2012
259.2,38.4,56.2,12/3/2012
259.2,40,57,12/4/2012
257,40.2,56.4,12/5/2012
254.4,39.9,56.3,12/6/2012
248.7,38.5,55.1,12/9/2012
250.1,38.5,54.9,12/10/2012
247.7,38,55,12/11/2012
248.6,37.9,54.9,12/12/2012
249.4,37.9,55.3,12/13/2012
251.4,36.2,55.5,12/17/2012
257.7,33.3,55.1,12/18/2012
261.6,35,55.4,12/19/2012
263.5,35.4,55.6,12/20/2012
256.3,33.1,55.3,12/23/2012
257,33.5,55.1,12/24/2012
253.9,33.2,55.4,12/26/2012
255.9,35,56.7,12/27/2012
254.5,34.4,56.8,12/30/2012
249.6,34.3,56.1,1/1/2013
237.9,35,55.2,1/2/2013
247.2,35.3,55.7,1/3/2013
250.2,33.7,55.7,1/6/2013
245.4,34,55,1/7/2013
245.6,33,55.4,1/8/2013
253.2,32.6,55.2,1/9/2013
256.2,32.1,55.6,1/10/2013
252.1,32.7,55,1/13/2013
247,32.2,55.1,1/14/2013
256.7,32.6,55,1/15/2013
259.9,33.9,55.2,1/16/2013
256.3,36.3,55.4,1/17/2013
257,35.1,55.5,1/20/2013
256.6,34.2,55.6,1/21/2013
255,34,59.5,1/22/2013
255.1,34.7,58.9,1/23/2013
256,34.5,60.2,1/24/2013
255.9,34.3,58.3,1/27/2013
256.8,35.9,58.5,1/28/2013
257.3,35.1,59.6,1/29/2013
259.8,34.8,58.7,1/30/2013
261.6,34.6,58.4,1/31/2013
261.4,34.8,58.3,2/3/2013
261.8,34.1,59.6,2/4/2013
187.4,33.9,59.1,2/5/2013
182.4,33.3,59.7,2/6/2013
187.3,33,57.8,2/7/2013
185.6,33.4,57.9,2/10/2013
184.2,33.8,61,2/11/2013
185,33.7,60.6,2/12/2013
184.5,33.8,61.7,2/13/2013
182.3,36,63.1,2/14/2013
181.1,37.6,63.1,2/17/2013
181.9,35.8,63.2,2/18/2013
181.2,38.2,62.2,2/19/2013
180.7,40.8,61.1,2/20/2013
179.7,38.5,51.4,2/25/2013
178.8,37.9,52.1,2/26/2013
182.4,36.3,50.3,2/27/2013
183.8,36.2,50.1,2/28/2013
189.2,36.5,47.3,3/3/2013
191.9,36.5,48.7,3/4/2013
185,37.2,48.4,3/5/2013
187,36.2,48.4,3/6/2013
183.3,36.4,47.8,3/7/2013
181.5,36,48,3/10/2013
179.9,35.9,48.2,3/11/2013
178.8,36,48.1,3/12/2013
178,35.8,48,3/13/2013
176.9,35.6,48.2,3/14/2013
176.5,35.6,48.1,3/18/2013
175.8,35.9,48.2,3/19/2013
174.9,35.9,48,3/20/2013
171.9,35.9,47,3/24/2013
172.1,37.5,46.8,3/25/2013
171.8,36.6,44.9,3/27/2013
170.3,36.6,46,3/28/2013
170,36.1,46,3/31/2013
167.6,35.6,45.1,4/1/2013
169.4,35.3,45.8,4/2/2013
170.2,35.2,46.9,4/3/2013
168.8,34.4,47.1,4/4/2013
169,34.1,47.2,4/7/2013
171.1,34.1,47.8,4/8/2013
171.9,33.8,49.7,4/9/2013
175.4,33.7,49,4/10/2013
177.1,32.9,47.6,4/11/2013
179.1,32.9,47.8,4/15/2013
177.9,33.9,47.2,4/16/2013
173.2,33.8,47.3,4/17/2013
172.5,34.3,47.1,4/18/2013
172.1,33.9,46.2,4/21/2013
172.3,33.2,46,4/22/2013
173.2,32.9,45.7,4/23/2013
172.3,32.8,46.8,4/24/2013
170.8,32.8,46.8,4/25/2013
171.1,31.5,45.9,4/28/2013
171.5,31,45.8,4/29/2013
172,30.7,45.5,4/30/2013
172.3,33,46.3,5/2/2013
170.1,32.7,46.1,5/5/2013
168,32.1,46,5/6/2013
168,32.1,46.2,5/7/2013
168,32.9,46.9,5/8/2013
166.3,32.4,47.1,5/9/2013
165.2,31.6,49.9,5/12/2013
163.2,31.5,50.9,5/13/2013
168.4,32,52,5/14/2013
166.4,31.8,49.9,5/15/2013
166.3,33,50.9,5/16/2013
166.5,33.8,52,5/19/2013
167.4,33.2,51.2,5/20/2013
168,33.5,50.6,5/21/2013
168,33.3,51.2,5/22/2013
168.1,32.8,50.3,5/26/2013
167.5,32.7,51.8,5/27/2013
167.5,32.7,51.4,5/28/2013
167.9,32.7,51.5,5/29/2013
167.9,32.9,51.5,5/30/2013
167.6,33.2,52.6,6/2/2013
167.7,32.8,52.4,6/3/2013
169.1,33,52.5,6/4/2013
168.8,33.8,54.1,6/5/2013
168.4,35,53.6,6/6/2013
168.3,34.9,51.6,6/9/2013
168.1,34.6,52.9,6/10/2013
168.6,35.2,55.1,6/11/2013
168.2,34.9,54.3,6/12/2013
167.3,34.6,54.3,6/13/2013
167.4,34.4,56,6/16/2013
167.2,34.3,55.7,6/17/2013
166.5,34.3,56.1,6/18/2013
167.6,34.2,56.2,6/19/2013
168.9,33.8,55.1,6/20/2013
169,34.1,54.1,6/23/2013
168.2,34.4,52.4,6/24/2013
169,34.4,53.8,6/26/2013
169,35,52.9,6/27/2013
169.2,35.4,52.2,6/30/2013
169.4,36.2,53.3,7/2/2013
169.2,35.6,53.5,7/3/2013
168.7,35.4,54.8,7/4/2013
169.2,35.2,55.3,7/7/2013
169,34.8,54.5,7/8/2013
168.9,35.1,56.6,7/9/2013
169.7,35,61.9,7/10/2013
171,35,58.5,7/11/2013
172.8,35.4,56.8,7/14/2013
173,35.3,57.3,7/15/2013
173.3,34.8,56.5,7/16/2013
174.1,34.3,55.9,7/17/2013
177.1,34.2,55,7/18/2013
179.7,34.2,54,7/21/2013
180.6,34,53.8,7/22/2013
180.6,33.9,51.7,7/23/2013
181.3,33.6,52.9,7/24/2013
182.7,33.3,52.9,7/25/2013
181.9,32.8,51.8,7/28/2013
181.2,33.4,52.1,7/29/2013
182.5,33,51.4,7/30/2013
182.1,33.1,51.1,7/31/2013
180.3,32.3,50.9,8/1/2013
180.1,33.1,49.1,8/4/2013
177.8,32.8,49.8,8/5/2013
174.5,32.8,50.1,8/12/2013
175.3,32.7,51.8,8/13/2013
178.2,32.1,51.2,8/14/2013
174.4,31.9,52.4,8/18/2013
175.6,32,51.7,8/19/2013
171.3,32.2,51.2,8/20/2013
175.7,31.2,52.8,8/21/2013
174.7,31.9,54.9,8/22/2013
174.4,33.4,53.9,8/25/2013
174.9,32.9,53.5,8/26/2013
174.6,31.6,58.7,8/27/2013
174.6,31.5,59.7,8/29/2013
175.7,30.8,60.1,9/1/2013
175.8,31,57.8,9/2/2013
178.8,30,56.7,9/3/2013
177.8,28.7,56.4,9/4/2013
177.9,29.3,55.9,9/5/2013
177.7,29.8,55.1,9/8/2013
177.2,29.9,54.9,9/9/2013
178.1,30.3,54.5,9/10/2013
178.8,30,53.9,9/11/2013
179.5,30.1,53.7,9/12/2013
178.6,29.8,55.9,9/15/2013
176.9,30.1,55.6,9/16/2013
177.1,29.3,55.7,9/17/2013
177.3,29.6,56.4,9/18/2013
177.4,29.6,55.3,9/19/2013
178.1,29.2,54.6,9/22/2013
178.3,29,53,9/23/2013
178.3,29,53.3,9/24/2013
178,29,53.3,9/25/2013
178,29.7,53,9/26/2013
179.1,29,52.5,9/29/2013
177.5,29,52.2,9/30/2013
176.8,29,52,10/1/2013
178.5,29.4,51.7,10/2/2013
178,29.1,51.9,10/3/2013
178.8,28.9,49.9,10/6/2013
178.8,29,49.4,10/7/2013
179.5,28.8,49,10/8/2013
179.7,29,49,10/9/2013
178.5,29.6,49.5,10/10/2013
178.8,29.7,48.9,10/20/2013
179.5,30.9,47.8,10/21/2013
180.5,30.8,48,10/22/2013
179.2,31.1,49.4,10/23/2013
179,31.4,48,10/24/2013
179.7,32.3,49.6,10/27/2013
183.6,31.8,49.5,10/28/2013
184.8,31.2,51,10/29/2013
188.4,30.5,50.6,10/30/2013
188.4,30.9,49.7,10/31/2013
191.4,31.3,50.3,11/3/2013
188.1,31.7,50.9,11/4/2013
191.1,31.8,50.4,11/5/2013
191.7,32,50.5,11/6/2013
191.6,32.8,51.5,11/7/2013
189,33.2,52,11/10/2013
188.9,33.4,51.2,11/11/2013
188.5,33.7,51.1,11/12/2013
188.4,32.7,52.2,11/13/2013
189.2,34,51.8,11/14/2013
193.9,34.7,52,11/17/2013
196.4,35,53.2,11/18/2013
196.9,34.7,53.5,11/19/2013
199.8,35,53.8,11/20/2013
199.7,34.8,53.2,11/21/2013
201.8,34.9,52.9,11/24/2013
204.9,34.9,53.9,11/25/2013
202.3,34.6,53.7,11/26/2013
205.4,34,53.1,11/27/2013
208.4,33.7,52.2,11/28/2013
207.1,33.9,51.1,12/1/2013
205.6,33.7,51.3,12/2/2013
207.3,32.8,52.9,12/3/2013
204.9,33.5,52.8,12/4/2013
206.7,32.8,52.7,12/5/2013
217.1,33.4,52.5,12/8/2013
218.1,33.2,52.5,12/9/2013
223.7,32.9,53.1,12/10/2013
224.1,35.2,53.4,12/11/2013
226.1,34.9,52.6,12/12/2013
222.5,34.7,52.4,12/15/2013
220,33.6,51.8,12/17/2013
223.2,33.9,51.4,12/18/2013
223,33.7,52,12/19/2013
220.7,33.1,53.5,12/22/2013
219.7,33.1,52.9,12/23/2013
219.7,32.6,52.4,12/24/2013
220.4,32.4,52,12/26/2013
223.3,31.9,53.6,12/29/2013
231.6,32.3,53.3,12/30/2013
234,31.8,53.5,1/1/2014
239.1,31.6,53.8,1/2/2014
229.2,31.5,55.8,1/6/2014
216.7,31.1,58.2,1/7/2014
211.7,31.1,57.5,1/8/2014
204.2,31.1,56.8,1/9/2014
208.3,31.6,56.3,1/12/2014
206.1,31.9,56.4,1/13/2014
207.6,31.8,55.2,1/15/2014
206.4,31.8,55.5,1/16/2014
203.8,31.6,55.7,1/19/2014
203.5,31.8,55.8,1/20/2014
206.5,32.1,56.7,1/21/2014
211.4,32.2,57.7,1/22/2014
219.2,32.3,58,1/23/2014
215.5,32.3,57.7,1/26/2014
219.2,33,56.9,1/27/2014
219,33.5,56,1/28/2014
221.3,34.3,56.6,1/29/2014
222.4,35.5,57.3,1/30/2014
220,35.7,57.6,2/2/2014
219.2,34.5,55.9,2/3/2014
221.2,34.4,60,2/4/2014
221,34.9,62.6,2/5/2014
221,34.8,62,2/6/2014
222.6,33.9,62.1,2/9/2014
171.8,34,61.5,2/10/2014
169.9,34,61.3,2/11/2014
168.4,35,61.3,2/12/2014
168.8,35.6,55.1,2/16/2014
172.9,35.9,52.1,2/17/2014
180.5,35.8,50.8,2/18/2014
178.4,35,51.4,2/19/2014
176.5,34.5,52,2/20/2014
178,34.3,51.3,2/23/2014
177.7,33.7,50.7,2/24/2014
175.1,33.4,50.9,2/25/2014
174.8,33.8,51,2/26/2014
175.3,33.7,50.1,2/27/2014
174.9,33.3,49.7,3/2/2014
173.9,33.1,49.3,3/3/2014
174.3,33.2,49.3,3/4/2014
174.2,33.2,48.9,3/5/2014
172,33.8,49,3/6/2014
172.2,33.7,49.1,3/9/2014
172.3,33.6,49.4,3/10/2014
173.7,33.7,49.2,3/11/2014
172.9,33.1,50,3/12/2014
171.8,33.3,51.2,3/13/2014
173.9,33.3,51.2,3/16/2014
172.1,33.1,49.7,3/18/2014
172.9,32.9,49.1,3/19/2014
174.1,33.1,49.5,3/20/2014
172,33,49,3/23/2014
172.5,31.6,48.1,3/24/2014
174.7,31.6,48.5,3/25/2014
174.5,31.5,48.5,3/27/2014
174.9,31.2,48.1,3/30/2014
174.3,31.1,48.2,3/31/2014
174.9,30.9,47.9,4/1/2014
175.4,31,48.1,4/2/2014
179.8,31.2,49.5,4/3/2014
176.3,31.1,48.5,4/6/2014
177.9,31.3,51.8,4/7/2014
178.2,31.8,51.6,4/8/2014
178.2,31.3,51.1,4/9/2014
177.1,31.3,51.3,4/10/2014
179.9,31.1,49.1,4/13/2014
179.5,31.2,48.4,4/15/2014
180.3,31.2,47.4,4/16/2014
179.6,31.3,48,4/17/2014
178.9,31.5,47.9,4/20/2014
183.4,32.1,48.8,4/21/2014
179.9,32.4,47.9,4/22/2014
180.5,32.2,48,4/23/2014
181.8,31.7,47.8,4/24/2014
181,32.5,47.3,4/27/2014
179.3,32.6,46.4,4/28/2014
179.7,32.4,46.1,4/29/2014
180.4,32.6,45.8,4/30/2014
187.7,32.5,45.4,5/4/2014
194.4,33,45.4,5/5/2014
196.4,33.4,46.1,5/6/2014
191.9,33.5,46.8,5/7/2014
192.9,32.9,47.4,5/8/2014
190.7,32.9,48,5/11/2014
194.2,32.7,47.2,5/12/2014
193.3,32.9,46,5/14/2014
191.8,32.7,46,5/15/2014
192.5,32.3,45.9,5/18/2014
194.9,32.2,45.5,5/19/2014
195,31.8,45.4,5/20/2014
194.9,31.8,45.4,5/21/2014
194.8,31.7,45.1,5/22/2014
195,31.5,45,5/25/2014
193.4,31.5,44.8,5/26/2014
193.6,31.4,44.7,5/27/2014
192.9,31.3,45.1,5/28/2014
192.7,33.1,44.9,5/29/2014
192,33.5,45.2,6/1/2014
192.5,33.7,44.9,6/2/2014
192.7,33.2,44.2,6/3/2014
191.6,32.8,44.2,6/4/2014
191.7,32.5,43.8,6/5/2014
191,32.8,43.1,6/8/2014
190,32.9,43,6/9/2014
190.3,32.8,43.5,6/10/2014
190.2,34,43.7,6/11/2014
191.2,37.3,43.4,6/12/2014
196.1,37.1,42.9,6/15/2014
195.1,37.2,42.7,6/16/2014
196.8,37.5,42.5,6/17/2014
199.8,39.1,42.5,6/18/2014
202.4,40.3,42.6,6/19/2014
205.6,42,42.5,6/22/2014
207.1,43.9,42.5,6/23/2014
215.4,42.5,44.6,6/24/2014
218.9,40.1,44.1,6/25/2014
220.5,40.8,43.4,6/26/2014
219,39.9,44.2,6/29/2014
221,41.9,43.9,6/30/2014
229.3,42.1,43.4,7/2/2014
235.9,43.2,43.1,7/3/2014
237.1,43.4,43,7/6/2014
235.5,42.8,42.5,7/7/2014
233.4,41.7,42.4,7/8/2014
231.4,41.5,42.4,7/9/2014
228.4,40.9,42.4,7/10/2014
237.2,40.5,42.2,7/13/2014
236.7,39.2,42,7/14/2014
235.8,38.1,41.9,7/15/2014
239.3,38.1,41.9,7/16/2014
248.1,38.7,41.9,7/17/2014
259.4,41.1,42,7/20/2014
258.5,41.4,41.5,7/21/2014
259.7,41.3,41.1,7/22/2014
266.8,38.9,40.9,7/23/2014
266.2,37.9,40.8,7/24/2014
260.3,39.2,40.8,8/3/2014
255.2,40.5,41,8/4/2014
252,39.1,41.5,8/5/2014
261.4,38.5,41.8,8/6/2014
258.9,41.6,41.5,8/7/2014
255,42.9,45.4,8/10/2014
263.1,43,45,8/11/2014
261.1,47,43.1,8/12/2014
261.4,47.2,43.2,8/13/2014
265.7,45.8,43.2,8/14/2014
267.5,47.7,42.5,8/18/2014
274.3,48.8,42.3,8/19/2014
275.1,49.5,42.1,8/20/2014
277.7,47.9,41.9,8/21/2014
279.8,47.9,41.6,8/24/2014
289.6,48.7,41.7,8/25/2014
285.8,48.5,43.7,8/26/2014
285.1,47.2,43.5,8/27/2014
288.2,46.5,42.7,8/28/2014
285,47,43.1,8/31/2014
283.2,48.1,42.6,9/1/2014
274.2,49.7,44.1,9/2/2014
268.2,52.2,45.2,9/3/2014
267.3,51.2,45.9,9/4/2014
264.4,51.2,46.4,9/7/2014
257.3,52.1,44.8,9/8/2014
268.5,57.3,43.9,9/9/2014
271.5,59.5,43.9,9/10/2014
266.2,56.4,43.9,9/11/2014
267,58.1,43.9,9/14/2014
270.3,63.1,43.7,9/15/2014
275,69.3,44,9/16/2014
278.5,68.3,45,9/17/2014
276.4,72,49.5,9/18/2014
286.2,69.8,54.4,9/21/2014
279.4,67.1,56.1,9/22/2014
279.2,64.9,61.7,9/23/2014
280.3,62.9,67.4,9/24/2014
279.4,68.6,68.3,9/25/2014
285.1,64.9,64,9/28/2014
282.6,64.2,62.8,9/29/2014
283.7,67.7,66.4,9/30/2014
280.7,69.1,68.2,10/1/2014
281.8,67,65,10/2/2014
279.8,66.9,67.9,10/12/2014
281.9,67,66.5,10/13/2014
278.7,69.2,65.4,10/14/2014
275.9,68.4,66.3,10/15/2014
272.5,68.5,64.7,10/16/2014
277,67.8,61.5,10/19/2014
281.7,67.4,64.9,10/20/2014
281.9,66.9,64.3,10/21/2014
281,66.3,64.9,10/22/2014
280.2,67.1,64,10/23/2014
279.8,69.2,62.8,10/26/2014
278.6,69.3,62.2,10/27/2014
276.7,69.1,61.3,10/28/2014
276.8,68.8,60.5,10/29/2014
272.8,70.6,62,10/30/2014
267.2,73.7,61.9,11/2/2014
267.7,78.5,65.7,11/3/2014
265.9,82.2,63.4,11/5/2014
263.9,80.3,62.6,11/6/2014
261.8,83.1,61.4,11/9/2014
255,89.5,61.4,11/10/2014
259.8,90.1,61.1,11/11/2014
266.2,84.8,63.2,11/12/2014
269.4,92,63.7,11/13/2014
271.4,86.5,62.6,11/16/2014
270,79.8,61.4,11/17/2014
269.1,82.5,61,11/18/2014
277.3,84.1,61,11/19/2014
274.5,89.7,60.3,11/20/2014
275.7,86.9,58.3,11/23/2014
274.8,84.6,56.2,11/24/2014
271.9,81.7,56.3,11/25/2014
272.7,82,54.3,11/26/2014
281,83.7,54.1,11/27/2014
283.5,82,53.6,11/30/2014
283.5,82.8,55.9,12/1/2014
279.8,82.6,56.1,12/2/2014
283.6,83.3,57.5,12/3/2014
277.9,81.1,56.2,12/4/2014
277.9,78.9,54.9,12/7/2014
277.6,77.7,54.7,12/8/2014
275.4,75.3,56.7,12/9/2014
274.7,77.2,56.1,12/10/2014
276.8,79.2,55.7,12/11/2014
278.3,78.6,55.2,12/14/2014
276.5,76.5,55,12/15/2014
277.1,79.6,59.8,12/17/2014
282.2,80.8,62.1,12/18/2014
280.1,83.7,63.7,12/21/2014
279.8,83.1,60.9,12/22/2014
279.6,82.3,57.8,12/23/2014
278.6,82.3,57.1,12/24/2014
277.3,83.9,56.5,12/28/2014
277.3,83.6,56.5,12/29/2014
278.6,85.4,57.7,12/30/2014
277.1,89.9,59.8,1/1/2015
275.7,92.1,59.2,1/5/2015
270.8,90.1,60.2,1/6/2015
272.3,91,60.1,1/7/2015
274.6,91.8,59,1/8/2015
252.6,95.3,57.8,1/11/2015
254.1,98.8,57.6,1/12/2015
253.5,96.8,59.3,1/13/2015
250.6,99.6,58.1,1/14/2015
255.3,104.2,57.5,1/15/2015
253.1,113.8,56.8,1/18/2015
265.9,114.8,56,1/19/2015
264.7,113.7,55.8,1/20/2015
268,112.8,54.3,1/21/2015
269.9,109.5,54.5,1/22/2015
279.7,109.9,52.1,1/25/2015
285.1,107.3,51.9,1/26/2015
278.9,107.1,55,1/27/2015
276.3,106.4,56.7,1/28/2015
274.6,105.3,54.1,1/29/2015
272.8,108.8,52.1,2/1/2015
277.9,114.7,52,2/2/2015
278,119.1,52.6,2/3/2015
275.7,119.2,52.3,2/4/2015
275,117.2,53.4,2/5/2015
273.9,115.3,55.4,2/8/2015
243.5,120.7,56.2,2/9/2015
239.7,123.6,57.9,2/10/2015
234.4,125.7,57.5,2/11/2015
230.5,131.1,58.4,2/12/2015
238,130.3,60.1,2/15/2015
237.6,138.9,58.8,2/16/2015
237.3,140.7,56,2/18/2015
235.1,138.8,54.9,2/19/2015
234.4,133.4,54.3,2/22/2015
234.3,126.6,56.2,2/23/2015
232.4,126.9,55.9,2/24/2015
232.4,139.4,54.3,2/25/2015
233.1,142.2,54.2,2/26/2015
233.3,136.2,53.4,3/1/2015
234.5,137,54.4,3/2/2015
235.3,137.3,53.5,3/3/2015
234.3,138.3,53.3,3/4/2015
232.1,138.3,53,3/5/2015
232.5,136.6,52.5,3/8/2015
231.2,138,53.3,3/9/2015
231.6,136.9,53.4,3/10/2015
233.1,136.5,52.4,3/11/2015
253.4,135.9,52.6,3/12/2015
264.6,133.3,52.1,3/15/2015
260.6,128.3,50.7,3/16/2015
267.4,133.4,51,3/18/2015
264.7,132.2,51.6,3/19/2015
264.8,131.7,51.2,3/22/2015
269.6,127.7,51.5,3/23/2015
279.5,128.9,50.8,3/24/2015
284.8,129.3,50.7,3/25/2015
279.6,128,52.1,3/29/2015
272.7,134.5,51.7,3/30/2015
272.8,131.1,52.4,3/31/2015
279.9,128.5,51.8,4/1/2015
276.9,125.2,51.1,4/2/2015
277,124.4,50.4,4/5/2015
276.9,114.3,50,4/6/2015
280.2,112.3,48.7,4/7/2015
278.2,118.1,49.1,4/8/2015
275.7,124.2,48.1,4/9/2015
278.7,123.4,47.3,4/12/2015
277.2,119.9,47.3,4/13/2015
273.8,116.3,51,4/15/2015
266.1,114.9,56,4/16/2015
265.3,115.7,56.3,4/19/2015
261.7,114.9,53.9,4/20/2015
259.5,112.5,55.3,4/21/2015
256.2,105.7,57.2,4/22/2015
263,112.9,55.4,4/23/2015
259.6,110.5,53.1,4/26/2015
260.2,109.5,55,4/27/2015
260.5,107.4,54.7,4/29/2015
259.5,110.8,56.3,4/30/2015
260.5,117,54.9,5/4/2015
260.2,119,57.4,5/5/2015
257.7,116.8,60,5/6/2015
251.2,115.2,60.9,5/7/2015
252.9,113.8,63.4,5/10/2015
252.6,114,63.3,5/11/2015
250.9,113.2,67.2,5/12/2015
251.9,112.7,66.4,5/13/2015
254,115.5,65.1,5/14/2015
261,115.5,71.6,5/17/2015
264.8,113.1,73.4,5/18/2015
263,115,76,5/19/2015
259.2,118.1,73.4,5/20/2015
262.2,120.1,71.3,5/21/2015
261.1,119.7,70.6,5/24/2015
262.4,119.5,75.3,5/25/2015
260.8,121.1,73.3,5/26/2015
259,120.9,72.8,5/27/2015
257,123,78.2,5/28/2015
253.3,131.6,80.3,5/31/2015
254.3,134.7,77.1,6/1/2015
253.3,136.2,73.4,6/2/2015
259.1,136.3,73.7,6/4/2015
257.6,133.3,72,6/7/2015
254.9,128.6,67.8,6/8/2015
257.2,130.4,68.4,6/9/2015
255.8,132.8,66.9,6/10/2015
258.5,131.7,67.1,6/11/2015
260.3,131.5,65.5,6/14/2015
259.8,128.7,69.1,6/15/2015
259.9,128.6,72.6,6/16/2015
259.9,129.3,72.3,6/17/2015
260.2,126.1,72.4,6/18/2015
259.6,126,75.1,6/21/2015
260.2,122.3,73,6/22/2015
260.6,122.3,72.5,6/23/2015
260,124.5,72.4,6/24/2015
259.8,124.5,72.6,6/25/2015
258.2,124.5,73.6,6/28/2015
256.2,122.1,74.2,6/29/2015
255.4,119.2,74,6/30/2015
254.1,118.6,73.8,7/2/2015
255.2,117.8,72.4,7/5/2015
252.2,118.6,71.5,7/6/2015
253.1,122.9,71.5,7/7/2015
256.2,123.1,73.7,7/8/2015
255,127.3,73.7,7/9/2015
254.3,127.6,74.9,7/12/2015
253.8,127.8,77,7/13/2015
253.2,127.9,76.4,7/14/2015
254.3,123.8,79.5,7/21/2015
255.4,124.5,78.4,7/22/2015
255.9,122,81.2,7/23/2015
256.9,120.2,79.6,7/26/2015
259.3,119.9,78.1,7/27/2015
258.5,121.5,77.5,7/28/2015
256.7,119.9,76.3,7/29/2015
257.7,116,77.8,7/30/2015
257.2,116.4,76.7,8/2/2015
256,110.4,75.9,8/3/2015
256.8,113.2,74.9,8/4/2015
258.7,116.5,74.2,8/5/2015
259.5,112.9,73.8,8/6/2015
261.3,116.3,73.7,8/9/2015
265,110.3,73.5,8/10/2015
263.8,113,72.6,8/11/2015
263.8,122.2,75,8/12/2015
263.8,122.2,73.5,8/13/2015
263.7,124.6,73.5,8/16/2015
259.4,124,72.6,8/18/2015
261.3,118.8,72.8,8/19/2015
259.4,110.3,74.3,8/20/2015
258.2,114.6,73.5,8/23/2015
259.3,123.5,72.5,8/24/2015
259.2,120.2,72.3,8/25/2015
258.1,121.1,72.5,8/26/2015
257.8,119.8,71.6,8/27/2015
258.1,117.1,71.4,8/30/2015
258.5,114.5,70.7,8/31/2015
257.1,114.5,69.5,9/1/2015
255,113.4,71.5,9/2/2015
254.7,112.3,70.9,9/3/2015
257.6,113.3,70,9/6/2015
256.9,113.7,70.3,9/7/2015
255.9,112.3,71.3,9/8/2015
257.5,113.6,69.9,9/9/2015
262.3,113.3,70.2,9/10/2015
258.7,111.9,69.2,9/13/2015
263.1,109.7,69.9,9/14/2015
265.3,108.1,69.6,9/15/2015
261.8,105.2,70.8,9/16/2015
262.8,108.9,74.3,9/17/2015
262.2,107.9,73.8,9/20/2015
260.9,110.3,74.5,9/21/2015
262,108.1,74.3,9/22/2015
265.7,106.9,73.6,9/28/2015
263.8,107,71.2,9/29/2015
260.9,106.1,69.8,9/30/2015
259.8,106.6,69,10/1/2015
258.2,102.7,68.7,10/4/2015
255.9,104.2,69,10/5/2015
256,108.1,70.6,10/6/2015
254.4,108.2,69.6,10/7/2015
252.3,112.9,69.1,10/8/2015
251,109,68.7,10/11/2015
248.2,108.6,68.6,10/12/2015
249.3,107.9,68.1,10/13/2015
247.8,106.9,67.5,10/14/2015
246,105,68.8,10/15/2015
238,107.1,67.2,10/18/2015
240,108.1,66.6,10/19/2015
245,106.7,66.9,10/20/2015
243,106.5,68.5,10/21/2015
247.1,106.6,67.7,10/25/2015
245,109,68.3,10/26/2015
242.8,115.6,67.4,10/27/2015
242.6,116.5,67,10/28/2015
243.6,115.7,66.9,10/29/2015
246.1,117,65.7,11/1/2015
249.7,121.9,66.8,11/2/2015
252.9,123.8,66.6,11/3/2015
251.1,124.9,65.3,11/4/2015
249.6,128.3,64.7,11/5/2015
248.7,129.3,65.4,11/8/2015
253.7,123.5,64.7,11/9/2015
252,127,64.8,11/10/2015
249,118.3,64,11/11/2015
245.3,115,64.1,11/12/2015
246.6,118.7,63.5,11/15/2015
244.7,120.9,64.6,11/16/2015
245.2,119,67,11/17/2015
245.2,116.1,66,11/18/2015
246.9,115.7,68,11/19/2015
245.7,115.2,68.8,11/22/2015
243.5,118,67.5,11/23/2015
246,114,67.1,11/24/2015
255.2,112.4,66.2,11/25/2015
254.5,113.9,66,11/26/2015
252.2,116.1,65.9,11/29/2015
255.2,118.1,65.9,11/30/2015
253.2,115.9,66.7,12/1/2015
255.5,115.8,68.7,12/2/2015
254.3,114.8,68.3,12/3/2015
252.6,114.1,68.5,12/6/2015
252.3,114.3,67,12/7/2015
254.7,110.7,66.3,12/8/2015
258.3,112.8,65.9,12/9/2015
263,114.5,65.8,12/10/2015
262.1,121.5,65.5,12/13/2015
262.2,119.8,65.2,12/14/2015
260.3,125.4,65.7,12/15/2015
259.2,125.9,65.3,12/17/2015
258.2,122.5,65.3,12/20/2015
259.9,124,66.3,12/21/2015
259.9,123.3,66.8,12/22/2015
258.8,127,66.5,12/23/2015
259.6,125.8,67.6,12/24/2015
258.4,125,67.7,12/27/2015
258.2,125.5,67.4,12/28/2015
256.9,124.3,66.6,12/29/2015
261.5,123.3,66.6,12/30/2015
266.8,121.3,66.9,12/31/2015
266,123.8,67.1,1/3/2016
268.9,122.1,66.7,1/4/2016
273.8,121.6,67.8,1/5/2016
274.3,121.2,69,1/6/2016
272.7,119.8,69.3,1/7/2016
269.6,116.8,70.9,1/10/2016
270.6,117.8,69.9,1/11/2016
269.2,117.9,69.9,1/12/2016
268,116.3,70,1/13/2016
265.8,114.3,68.9,1/14/2016
269.1,114,69.4,1/17/2016
268.5,114.5,70.1,1/18/2016
267.6,115.3,70.6,1/19/2016
268,115.2,71.4,1/20/2016
237,113.7,71.1,1/21/2016
234.9,112.5,71,1/24/2016
238.9,111,74.1,1/25/2016
242.6,113.4,72.8,1/26/2016
247.2,113.7,71.1,1/27/2016
246.2,111.6,73,1/28/2016
245.4,111.5,73.3,1/31/2016
246.6,111.1,72.1,2/1/2016
247.9,109.9,71.4,2/2/2016
247.8,108,72.2,2/3/2016
248.6,105.1,70,2/4/2016
252.9,108.4,71,2/7/2016
253.1,109.4,70.8,2/8/2016
254.4,107.4,70,2/9/2016
253.2,107.9,69.5,2/10/2016
250.4,107.2,69,2/11/2016
248.3,107.1,68.8,2/14/2016
249.3,108.2,68.4,2/15/2016
249.9,110.9,68.1,2/16/2016
248.8,108.3,71.8,2/17/2016
249.3,107.6,71.1,2/18/2016
250,107.5,71,2/22/2016
251.5,106,71.3,2/23/2016
252.2,106.1,71.5,2/24/2016
251.1,105,71.1,2/25/2016
250.3,103.8,66.7,2/29/2016
251.1,100.3,65.6,3/1/2016
251.1,96.1,64.1,3/2/2016
250.4,100,65,3/3/2016
250.6,98.3,65,3/6/2016
249.4,96.2,64,3/7/2016
249.2,89.8,66.2,3/8/2016
247.8,83.1,64.7,3/9/2016
247.8,90.1,66.1,3/10/2016
246.5,89.6,65.6,3/13/2016
245.9,89.3,65.2,3/14/2016
245.9,88.2,65.1,3/15/2016
242.7,85.4,64.6,3/16/2016
243.4,82.6,63.3,3/20/2016
241,82.3,63.4,3/21/2016
240.5,83.5,63,3/22/2016
240.8,83.1,62.7,3/23/2016
240.6,85.5,62.6,3/24/2016
242,85.7,61.9,3/27/2016
244,84.7,60.9,3/28/2016
241.4,85,63,3/29/2016
242.2,82.7,63,3/30/2016
242.9,82.8,63.2,3/31/2016
242.1,83.7,64.2,4/3/2016
242.8,82.3,65.4,4/4/2016
243,83,64.7,4/5/2016
244.1,81.8,64.7,4/6/2016
247.1,82.8,65.8,4/7/2016
248.6,83,64.9,4/10/2016
248.4,83,64.3,4/11/2016
250.2,82.7,63.9,4/12/2016
248.2,83.2,63.1,4/13/2016
251.3,85.1,62.7,4/17/2016
251.3,84.3,62.2,4/18/2016
250,83.2,61,4/19/2016
249.4,82.3,62.1,4/20/2016
249.1,81,61.9,4/21/2016
248.9,81.6,60.8,4/24/2016
248.9,82.1,59.7,4/25/2016
249,81.6,60,4/26/2016
248.7,85,59.4,4/27/2016
247.7,85.7,59.4,4/28/2016
248.6,83.1,59.6,5/2/2016
248.6,82.7,62.3,5/3/2016
249.7,82.1,59,5/4/2016
251.3,82.1,58.8,5/5/2016
252.5,81.7,59.2,5/8/2016
254.1,80.6,58.9,5/9/2016
258.1,78.6,59,5/10/2016
258.2,75.9,58.9,5/11/2016
258,73.5,58.9,5/12/2016
259,75.4,57.8,5/15/2016
256.7,77.6,57.1,5/16/2016
255,76.4,57.5,5/17/2016
254.3,75.7,63.2,5/18/2016
255.3,75.1,63.2,5/19/2016
254.8,74.7,61.6,5/22/2016
257.7,73.4,61.6,5/24/2016
257.9,75,60.6,5/25/2016
256.7,74.6,60.5,5/26/2016
257.6,73.8,63.1,5/29/2016
255.6,73.3,62.2,5/30/2016
254.4,74.5,61.8,5/31/2016
254,76.7,61.6,6/1/2016
253.9,76.3,62.2,6/2/2016
253.9,75.5,61.4,6/5/2016
253.9,74.4,60.7,6/6/2016
253.8,73.6,60,6/7/2016
253.6,73.8,59.8,6/8/2016
253.7,74.2,59,6/9/2016
255.3,74,59.2,6/12/2016
257.2,74.1,59.4,6/13/2016
259,75.9,59.1,6/14/2016
260.6,74.7,59.4,6/15/2016
258.4,74.7,59.4,6/16/2016
257.6,74.4,59,6/19/2016
258.1,73.5,58.9,6/20/2016
258,73.7,58.2,6/21/2016
257.9,72.9,58.3,6/22/2016
256.7,72.7,58.7,6/23/2016
257.5,71.4,58.6,6/26/2016
256.6,71.9,58.5,6/27/2016
257.6,71.8,59.4,6/28/2016
257.2,71.9,60.1,6/29/2016
256.9,71.9,60.9,6/30/2016
257.6,71.8,59.6,7/10/2016
257,71.6,59.8,7/11/2016
257.1,72,61.6,7/12/2016
255.8,72.4,61.7,7/13/2016
254.2,74.7,61,7/14/2016
258.9,73.6,60.9,7/16/2016
261.6,73.9,60.2,7/17/2016
265.2,74,59.7,7/18/2016
263.4,75.1,59.1,7/19/2016
263.2,79.3,59,7/20/2016
263.6,84.8,58.7,7/21/2016
263.4,82.2,58.9,7/24/2016
263.5,77.9,58.9,7/25/2016
263.2,79.4,60,7/26/2016
263.4,77.1,59.5,7/27/2016
266.9,74.5,58.3,7/28/2016
269.7,73.9,57.1,7/31/2016
267.7,73.7,57.5,8/1/2016
269.1,72.9,57.2,8/2/2016
269.2,73.5,57.4,8/3/2016
268.7,71.7,57.7,8/4/2016
269.8,72.1,57,8/7/2016
268.9,72,57.2,8/8/2016
264.8,71.9,57.1,8/9/2016
265.5,72,57,8/10/2016
263.5,71.9,56.9,8/11/2016
261.4,72.7,57.4,8/14/2016
259.5,72,57.8,8/16/2016
264,73,57.1,8/17/2016
262.6,72.1,56.9,8/18/2016
262.8,71.5,57.8,8/21/2016
263.2,70.1,57.6,8/22/2016
263.8,69.7,57.1,8/23/2016
264.4,69.4,57.4,8/24/2016
264.7,68.6,57,8/28/2016
264.8,68.3,57,8/29/2016
263,68,56.9,8/30/2016
262,66.9,56.9,8/31/2016
262.2,65.2,56.9,9/1/2016
259.3,67.7,56.2,9/4/2016
254,67,56.3,9/5/2016
252.9,68,57.4,9/6/2016
252.3,68.9,57.7,9/7/2016
254.7,66.7,57.7,9/8/2016
252.3,66.6,57.2,9/18/2016
248.8,66.7,57.3,9/19/2016
250.2,65.8,57.7,9/20/2016
250.7,65.2,57.8,9/21/2016
253.8,65,60.3,9/22/2016
256.6,64.1,60,9/24/2016
256.7,62.2,58.8,9/25/2016
257.2,60.5,59.6,9/26/2016
257.8,61.7,59,9/27/2016
254.6,60.4,58.6,9/28/2016
257,59.5,58.7,9/29/2016
257,57.5,57.9,10/2/2016
257.8,56.2,58.3,10/3/2016
257.1,59.2,58.4,10/4/2016
255.2,59,58.6,10/5/2016
256,58.8,58.9,10/6/2016
256.2,59.7,58.3,10/9/2016
256.6,58.3,58,10/10/2016
257.6,58.5,57.9,10/13/2016
257.2,58.2,57.9,10/16/2016
255.1,58,57.7,10/17/2016
253.5,57.4,57.6,10/18/2016
253.4,57.6,57.6,10/19/2016
254.4,63.3,58.2,10/20/2016
258.1,67.3,57.6,10/23/2016
259,70.3,57.3,10/24/2016
261.3,69,57.2,10/25/2016
261.3,67.8,57.4,10/26/2016
263.8,66.8,57.2,10/27/2016
262,71.8,55.7,10/30/2016
260.9,78.9,55.7,10/31/2016
260.4,76.6,55.9,11/1/2016
260.1,81.2,56.5,11/2/2016
260,80.7,57.1,11/3/2016
261,81.6,57.2,11/6/2016
260.7,78.7,59,11/7/2016
259.8,75.4,57.9,11/8/2016
259.4,75.2,57.3,11/9/2016
258.8,75.3,57.1,11/10/2016
259.2,74.3,57.9,11/13/2016
259.3,74.6,58.4,11/14/2016
260.1,76.3,58,11/15/2016
260.9,76.7,59,11/16/2016
260.3,75.9,61.8,11/17/2016
260.8,74.5,61.3,11/20/2016
261.2,73.1,60.5,11/21/2016
261.3,71.6,59.6,11/22/2016
261,72.3,59.4,11/23/2016
261.1,72.6,59.6,11/24/2016
261.1,72.3,59.3,11/27/2016
261,71.7,59.3,11/28/2016
260.8,72,60.7,11/29/2016
260.3,73,62.6,11/30/2016
260.1,76.5,62,12/1/2016
259.8,79.1,60.9,12/4/2016
258.5,77.5,61,12/5/2016
259.4,76.2,60.7,12/6/2016
259,76.7,60.6,12/7/2016
258.7,76.2,61.2,12/8/2016
258.6,76,61.3,12/11/2016
259,75.6,61.5,12/12/2016
261.6,75.2,62.1,12/14/2016
260.9,75,64.2,12/15/2016
262.7,74.5,64.3,12/18/2016
262.9,74.1,63.1,12/19/2016
265.7,74,62.2,12/20/2016
264.9,76.3,61.6,12/21/2016
265.2,75,62.1,12/22/2016
267.9,74.2,62.1,12/26/2016
266.8,73.9,61.6,12/27/2016
266.3,70.9,61.6,12/28/2016
267,69.4,61.9,12/29/2016
266.5,71.5,63.2,1/1/2017
265,73,64.6,1/2/2017
265.5,75.2,64,1/3/2017
265.3,76.3,62.8,1/4/2017
264.3,77.4,62.6,1/5/2017
264.1,75.6,62.2,1/8/2017
264,76,62.5,1/9/2017
264.8,77.7,63.1,1/10/2017
265.5,77.1,64.5,1/11/2017
267.4,76.4,64,1/12/2017
267.1,75.3,65,1/15/2017
268,75.3,64.4,1/16/2017
270.1,76.1,65.6,1/17/2017
272.1,77,71.6,1/18/2017
271.9,77.1,73,1/19/2017
271.4,76,68.5,1/22/2017
271.9,76.1,66.3,1/23/2017
271.8,75.5,67.4,1/24/2017
271,76.6,66.8,1/25/2017
271.4,76.4,67.8,1/26/2017
270.8,75.6,69.2,1/29/2017
270.9,76,68.4,1/30/2017
271.9,76,67.8,1/31/2017
271.5,77.8,67.1,2/1/2017
270.2,78.6,66.4,2/2/2017
270,79,66.2,2/5/2017
267.9,80.4,67.9,2/6/2017
266.7,82.4,69.2,2/7/2017
264.8,80,70.4,2/8/2017
264.5,80.4,71.3,2/9/2017
264.4,79.3,72.9,2/12/2017
262.3,78.7,72.2,2/13/2017
264.6,78.8,67.2,2/15/2017
263.4,78.3,66.2,2/16/2017
264.3,78.2,66.1,2/19/2017
263.8,78.6,66.1,2/20/2017
264.2,79.5,66.2,2/22/2017
264,79.2,65.5,2/23/2017
264,78.6,64.5,2/26/2017
267.1,78.1,65,2/27/2017
269.7,77.4,64.2,2/28/2017
270.3,76.9,63.9,3/1/2017
270.4,76.3,63.8,3/2/2017
269.9,75.7,63.4,3/5/2017
268.1,75.1,63.9,3/6/2017
268.7,76.1,65,3/7/2017
267.9,75.2,64.1,3/8/2017
268.1,74.5,63.7,3/9/2017
268.6,74.7,63.1,3/12/2017
268.9,74.2,63.2,3/13/2017
269.8,73.4,63.2,3/14/2017
270.5,75.5,61.7,3/15/2017
271,75.3,62.8,3/16/2017
271.3,74.9,61.8,3/19/2017
269.2,74.6,62.1,3/20/2017
267.7,76.2,61.7,3/21/2017
267.9,74.3,61.4,3/22/2017
269,73.7,61.4,3/23/2017
265.9,74.2,61.8,3/27/2017
266.2,75,61.4,3/28/2017
266.6,77.9,61,3/29/2017
266.3,77.8,61.3,3/30/2017
266.7,77,60.5,4/2/2017
266.6,75.8,62.4,4/3/2017
268.9,74.5,62.3,4/4/2017
268.7,74.7,62.1,4/5/2017
268.8,74.8,61.3,4/6/2017
266.8,75.3,60.8,4/9/2017
267.8,74.5,61.2,4/10/2017
268.2,74.3,60.7,4/11/2017
267.8,74.9,60.8,4/12/2017
267.5,74.7,60.7,4/13/2017
268.9,74.4,59.8,4/16/2017
270,74,59.3,4/17/2017
270.8,73.9,59.1,4/18/2017
271.4,74.3,59.3,4/19/2017
271.5,74.3,60.2,4/20/2017
270.6,74.1,59.8,4/23/2017
248.1,76.4,59.1,4/24/2017
247.7,79.7,56.8,4/25/2017
246.6,78.7,57.1,4/26/2017
246.2,78.2,58.1,4/27/2017
245,77.4,57.5,4/30/2017
244,77.6,57.1,5/2/2017
243,77.1,56.9,5/3/2017
245.9,77.2,56.4,5/4/2017
245.8,79.1,57.4,5/7/2017
245.1,82.8,57.8,5/8/2017
245.3,88,57.5,5/9/2017
244.9,84.3,56.5,5/11/2017
246.1,82,55.9,5/14/2017
246.1,82.2,55.6,5/15/2017
247.1,81.5,55.4,5/16/2017
247,80.9,55.8,5/17/2017
247,80.2,55.7,5/18/2017
247.2,80.7,55.2,5/21/2017
246.5,81.8,55.8,5/22/2017
245.5,82.1,55.5,5/23/2017
247,82.1,56.9,5/24/2017
245.5,83.2,56.2,5/25/2017
244.6,83.1,55.7,5/28/2017
245.4,82.8,55.6,5/29/2017
246.1,82.9,55.9,5/30/2017
247.5,82.9,55.8,5/31/2017
250,82.8,56,6/1/2017
249.8,82.2,55.9,6/4/2017
249.3,81.7,56.2,6/5/2017
250.1,81.4,56.6,6/6/2017
249.1,80.6,57,6/7/2017
248.2,81.8,56.8,6/8/2017
249.4,84.3,56.4,6/11/2017
250.9,83.2,56.2,6/12/2017
253.7,85,56.2,6/13/2017
253,87,56.1,6/14/2017
253,87,56.3,6/15/2017
253.8,84.9,56.1,6/18/2017
259,84.3,56.1,6/19/2017
262.4,83.7,56.8,6/20/2017
260.7,83.2,57.2,6/21/2017
260.8,83,57.5,6/22/2017
259.4,83.1,57.8,6/28/2017
259.7,82.5,57.6,6/29/2017
259.2,82.4,58.6,7/2/2017
261.1,82.8,58.7,7/3/2017
260.7,82.6,58.8,7/4/2017
260.5,83.3,58.9,7/5/2017
262.2,83.1,58.6,7/6/2017
261.2,83,58.8,7/9/2017
261.1,83.5,59.2,7/10/2017
259.8,83.1,59.4,7/11/2017
258.3,83,58.9,7/12/2017
259.9,83.1,58.8,7/13/2017
260.8,83,58.2,7/16/2017
260,82.3,57.4,7/17/2017
261.2,82.2,58.6,7/18/2017
261,82.1,60.9,7/19/2017
259.9,82,59.1,7/20/2017
260.9,82,58.6,7/23/2017
262.5,82,57.9,7/24/2017
263.9,82,57.9,7/25/2017
267.1,82,59.8,7/26/2017
268.6,81,59.5,7/27/2017
268,80,58.1,7/30/2017
269.6,79.8,59.1,7/31/2017
268.7,77.5,59.3,8/1/2017
269.1,78.3,58.6,8/2/2017
269.6,76.4,58.8,8/3/2017
269.5,76.1,58.4,8/6/2017
269.7,77.4,58.2,8/7/2017
268.9,78.1,58.1,8/8/2017
268.2,78.1,57.7,8/9/2017
269.6,76.5,57.8,8/10/2017
270.1,75.9,57.3,8/13/2017
270.1,74.4,57,8/16/2017
270.7,73.2,57.1,8/17/2017
270.9,73.4,56.6,8/20/2017
273,72.1,56.6,8/21/2017
273,71.6,57.4,8/22/2017
272.2,72.4,56.9,8/23/2017
272.9,71.7,56.7,8/24/2017
273.6,71.8,57.1,8/27/2017
273.7,73.7,59.2,8/28/2017
271.8,74.3,60,8/29/2017
271.7,72.3,58.5,8/30/2017
270.9,72.1,58.6,8/31/2017
271,71.3,59.5,9/4/2017
270.8,71.1,58.7,9/5/2017
271.7,71.1,58.4,9/6/2017
271.2,71.7,57.9,9/7/2017
272,71.7,58.2,9/10/2017
273,71.1,58.3,9/11/2017
277.9,70.1,58.8,9/12/2017
280.3,69.6,59.3,9/13/2017
289.8,68.6,59.5,9/14/2017
290.4,67.8,59,9/17/2017
285.7,67.9,58.8,9/18/2017
286.9,67.4,58,9/19/2017
287.2,66.4,58.4,9/20/2017
287,67.9,57.7,9/21/2017
286.3,65.3,57.9,9/24/2017
285.5,66.9,57.5,9/25/2017
282.8,68.7,57.9,9/26/2017
280.4,68.3,57.3,9/27/2017
281.1,68.5,56.6,9/28/2017
279.9,67.9,56.1,10/2/2017
279.7,68.5,57.1,10/3/2017
280.4,68.2,56.5,10/4/2017
280.3,67.8,56.9,10/5/2017
279.4,66.5,56.5,10/8/2017
279.8,66.4,56.8,10/9/2017
280.3,65.5,57,10/10/2017
284.8,65.3,56.9,10/11/2017
283.7,65.2,56.9,10/12/2017
288.4,66.2,56.7,10/15/2017
288.1,65,56.6,10/16/2017
285.7,65.3,56.7,10/17/2017
285.2,65.2,56.6,10/18/2017
284.5,64.9,56.4,10/19/2017
284.4,64.5,56.6,10/22/2017
284.2,64.4,56.5,10/23/2017
284.6,64.6,56.5,10/24/2017
283.1,64.6,56.4,10/25/2017
282.6,64.6,57.2,10/26/2017
282.9,64.8,56.4,10/29/2017
284.4,66,56.3,10/30/2017
283,65.8,56.5,10/31/2017
283.3,64.6,57.2,11/1/2017
282.9,64.5,57.1,11/2/2017
282.7,64,57.2,11/5/2017
282.7,63.9,58.6,11/6/2017
280.9,64.1,58.1,11/7/2017
280.9,63.1,57.5,11/8/2017
280.9,62.4,57.5,11/9/2017
282,61.8,57.9,11/12/2017
284.1,62.9,58.4,11/13/2017
285.2,63,58.1,11/14/2017
286.4,63,59.2,11/15/2017
286.1,62.9,58.6,11/16/2017
286,62.9,58.2,11/19/2017
285.1,63.4,58.3,11/20/2017
284.8,64,57.8,11/21/2017
284.7,65.9,58,11/22/2017
284.6,65.7,57.9,11/23/2017
284.4,64.5,58,11/26/2017
285,65.5,58.5,11/27/2017
285.1,66.2,59.4,11/28/2017
285.2,65.7,58.8,11/29/2017
287,66.3,58.9,11/30/2017
288.8,66,59,12/3/2017
289.7,65.3,60.2,12/4/2017
290.1,65,61.4,12/5/2017
290.1,64.4,60.1,12/6/2017
286.7,64.6,60.5,12/7/2017
289.2,64,59.6,12/10/2017
287.8,64,59.7,12/11/2017
287,64,60,12/12/2017
286.4,64,60.9,12/13/2017
287.6,64,61.5,12/14/2017
286.7,60.8,61.2,12/17/2017
288,60.6,60.3,12/18/2017
287.8,60.6,60.2,12/19/2017
286.7,60.5,60.3,12/20/2017
285.3,60.1,60.6,12/21/2017
284.7,59.3,60.5,12/24/2017
285.3,58,60.6,12/26/2017
283.4,58.1,60.2,12/27/2017
283.8,59.3,59.9,12/28/2017
283.5,62,60.4,1/1/2018
282.7,62,60,1/2/2018
282.2,59.6,60.3,1/3/2018
282,60,60.1,1/4/2018
282.6,59.1,60.1,1/7/2018
283.9,58.6,60.1,1/8/2018
282.8,58.7,60.2,1/9/2018
283.2,58,60.2,1/10/2018
282.7,58.2,60.3,1/11/2018
281.9,58.3,59.4,1/14/2018
282.8,58.6,58,1/15/2018
281.6,59,58.5,1/16/2018
281.7,58.5,58.3,1/17/2018
282.8,58.8,58.2,1/18/2018
283.1,57.9,59,1/21/2018
282.8,57.8,58.9,1/22/2018
281.9,58.3,57.9,1/23/2018
280.3,59.1,58.5,1/24/2018
279.8,65,58.4,1/25/2018
280.3,66.4,57.2,1/28/2018
279.7,64.6,57.3,1/29/2018
281.5,63.4,57.2,1/30/2018
281.1,63,56.2,1/31/2018
282.4,65.2,56.1,2/1/2018
281.6,65.4,54.8,2/4/2018
281.8,64.8,54.5,2/5/2018
284,62.4,55.4,2/6/2018
286.1,62,54.5,2/7/2018
289.8,61.5,55,2/8/2018
289,61.1,56.3,2/11/2018
287.4,61,56.7,2/12/2018
291.2,60.6,56.6,2/13/2018
298.7,61.3,56.4,2/14/2018
302,61.8,56,2/15/2018
302,63.6,55.6,2/18/2018
307.1,63.6,49.4,2/20/2018
315.2,62,48.4,2/22/2018
314,60.8,47.4,2/25/2018
308.8,61,46.7,2/26/2018
308.7,61.2,47.2,2/27/2018
304.6,60,47.6,2/28/2018
304.9,58.6,47.5,3/1/2018
311.1,58.2,47.4,3/4/2018
307.4,58.6,46.9,3/5/2018
307.7,60.2,47.2,3/6/2018
308,61.5,47,3/7/2018
306,61.5,47.3,3/8/2018
303,61.6,46.9,3/11/2018
302.1,61.5,46.5,3/12/2018
302,61.3,45.9,3/13/2018
304,61,45.6,3/14/2018
306.9,60.5,46.1,3/15/2018
304.5,59.2,46,3/18/2018
304.4,58.7,45.4,3/19/2018
303,59.2,44.9,3/20/2018
300.8,60.6,44.3,3/21/2018
299.4,59.9,44,3/22/2018
297,59.4,44.4,3/25/2018
296.3,58.9,43.8,3/27/2018
297.3,58.8,44.3,3/28/2018
299.2,58.6,46.1,3/29/2018
299.8,58.3,46.6,4/1/2018
297.5,58.3,47.3,4/2/2018
296.7,58.2,46.7,4/3/2018
294.8,58.8,46.5,4/4/2018
291.5,58.9,47.1,4/5/2018
294.7,58.4,47.7,4/8/2018
296.2,57.8,48.3,4/9/2018
297.4,57.4,47.3,4/10/2018
295.7,56.1,47.3,4/11/2018
296.5,55.7,47,4/12/2018
296.1,56.8,46.6,4/15/2018
296.9,56.8,46.5,4/16/2018
297.1,56.1,46.3,4/17/2018
278.9,56.2,46.4,4/18/2018
276.4,55.8,46.8,4/19/2018
277.2,55.6,46.2,4/22/2018
286.1,56.7,46,4/23/2018
293.7,55.9,45.6,4/24/2018
297.2,55.8,45.7,4/25/2018
301.5,56.1,45.5,4/26/2018
310.8,55.9,44.8,4/30/2018
305,55.8,44.6,5/3/2018
306.1,55.1,44.7,5/6/2018
305.5,55.2,45.2,5/7/2018
305.1,54.5,44.7,5/8/2018
302.9,54,44.5,5/9/2018
302.3,52.8,44.2,5/10/2018
301,52.1,44.2,5/13/2018
301.8,51.6,44,5/14/2018
300.9,51.4,44,5/15/2018
307.2,54.3,43.7,5/16/2018
305.8,59.7,43,5/17/2018
310.4,65.6,42.5,5/20/2018
308.6,70.3,42.7,5/21/2018
305.4,69.9,42.8,5/22/2018
302.6,69.6,42.7,5/23/2018
304.1,70.4,42.9,5/24/2018
302.3,70,43.4,5/27/2018
301.9,69.2,43.1,5/28/2018
301.2,67.4,42.8,5/29/2018
301,67.2,43,5/30/2018
300.4,66.1,42.9,5/31/2018
299.6,63.4,42.7,6/3/2018
300.7,65.1,42.6,6/4/2018
302,63.9,42.8,6/5/2018
298.4,62.3,42.8,6/6/2018
298.2,62.2,42.8,6/7/2018
301.8,61.7,42.8,6/10/2018
301.8,61.7,42.9,6/11/2018
304.2,61.9,43.2,6/12/2018
307.5,63.2,42.8,6/18/2018
305.3,62.9,42.6,6/19/2018
304.2,62.5,43.8,6/20/2018
303.1,62.2,44,6/21/2018
303.9,61.1,44.6,6/24/2018
305.6,61.2,43.7,6/25/2018
307.5,60.9,43.2,6/26/2018
306.1,60.4,43.1,6/27/2018
308.6,59.8,43,6/28/2018
310.4,58.3,44.5,7/2/2018
316,57.9,48.9,7/3/2018
323.3,58.3,50.6,7/4/2018
323.9,57.8,48.2,7/5/2018
333.8,57.7,47.3,7/8/2018
333.2,59,47,7/9/2018
330,58.1,47.4,7/10/2018
329.5,57.8,48,7/11/2018
324.3,57.9,47,7/12/2018
330,57.9,45.8,7/15/2018
327.1,57.2,46.6,7/16/2018
326,56.8,45.6,7/17/2018
327.1,56.9,44,7/18/2018
325.6,56.9,42.9,7/19/2018
324.8,56.7,45.4,7/22/2018
324.7,56.7,44.2,7/23/2018
325.2,57,43.9,7/24/2018
327,60.3,43.9,7/25/2018
330,60.2,44,7/26/2018
327.4,58.7,43.2,7/29/2018
326.4,57.5,42.8,7/30/2018
325,58.2,42.9,7/31/2018
323.9,57.7,42.8,8/1/2018
323.6,57.6,42.8,8/2/2018
321.8,57.3,41.6,8/5/2018
319.9,57.7,41.6,8/6/2018
317.8,57.1,41.3,8/7/2018
312.3,56.1,41,8/8/2018
308.9,56.7,40.4,8/9/2018
314.7,56.4,40.1,8/12/2018
313.3,56,40,8/13/2018
316.1,56.1,39.9,8/14/2018
317.4,56,40.3,8/16/2018
316.2,56.2,41.4,8/19/2018
317.3,56.4,41.3,8/20/2018
316.7,56.1,41.5,8/26/2018
316.1,56.1,41.7,8/27/2018
315.8,56.9,42.3,8/28/2018
313.6,57.8,42,8/29/2018
311.9,58.9,42.1,8/30/2018
313.6,60.5,42.2,9/3/2018
315.3,59.1,42.3,9/4/2018
316.1,60.1,43.9,9/5/2018
314.3,60.8,43.9,9/6/2018
313.8,60.1,42.8,9/9/2018
312.7,60.2,42.4,9/10/2018
312,62.2,42.1,9/11/2018
312,64.9,42,9/12/2018
308.2,65.2,41.7,9/13/2018
304.8,65.9,41.7,9/16/2018
310,65,41,9/17/2018
312.5,64.6,40.8,9/18/2018
315,62.9,40.8,9/19/2018
313.8,62,41.1,9/20/2018
314.1,61.6,41.4,9/23/2018
315.2,63.1,40.9,9/24/2018
314.8,62.4,40.9,9/25/2018
316.9,59,41,9/26/2018
316.8,58.7,40.8,9/27/2018
314.6,58.3,40.9,9/30/2018
313.9,58.6,40.8,10/1/2018
314.1,58.1,41.4,10/2/2018
313.6,58.8,41.5,10/3/2018
313.8,58.8,41.1,10/4/2018
312.9,58.1,41,10/7/2018
315,58,41.5,10/8/2018
313.7,57.4,41.7,10/9/2018
312.8,56.4,41.5,10/10/2018
311.2,56,41.4,10/11/2018
310.8,55.1,41.2,10/14/2018
310.8,55.2,41.1,10/15/2018
306.9,55.3,41.2,10/16/2018
304.3,54,40.9,10/17/2018
304.9,54.2,40.8,10/18/2018
303,55.6,40.5,10/21/2018
300.4,55.5,40.2,10/22/2018
303.1,55.3,38.8,10/23/2018
302.2,54.7,38.2,10/24/2018
302.1,54.2,38.3,10/25/2018
302.1,54.1,37.7,10/28/2018
302.6,54.2,38.3,10/29/2018
300.1,54.6,38.1,10/30/2018
296.5,54.8,37.6,10/31/2018
294.1,55.1,38,11/1/2018
294.8,54.3,38.4,11/4/2018
293.4,54.4,38.5,11/5/2018
290.6,54.6,38.4,11/6/2018
291.9,54.1,38.3,11/7/2018
295.3,55.2,38.4,11/8/2018
292,57.5,38.6,11/11/2018
288.4,56.9,38.2,11/12/2018
286.5,57.1,38.4,11/13/2018
282.2,55.6,38.1,11/14/2018
276.7,55.5,37.4,11/15/2018
284.2,55.7,37.7,11/18/2018
289.9,56.4,37.6,11/19/2018
284.9,55,37.9,11/20/2018
283.9,54.2,37.7,11/22/2018
279.9,54.5,38.1,11/25/2018
282,55.1,38.3,11/26/2018
285.8,57.2,38.4,11/27/2018
285.1,56.3,38.6,11/28/2018
284.6,56.2,38.7,11/29/2018
283.5,55.8,38.6,12/2/2018
287,55.7,39.1,12/3/2018
293.7,55,39.7,12/4/2018
292.3,54.5,39.9,12/5/2018
291.6,54.1,39.8,12/6/2018
291.7,54.8,39.4,12/9/2018
293.1,54.4,39.1,12/10/2018
284.7,54.7,38.3,12/11/2018
283.3,56,38.2,12/12/2018
283.9,55.4,38.6,12/13/2018
284.4,54.8,38.7,12/17/2018
285.2,57,38.9,12/18/2018
285,55.9,39.9,12/19/2018
284.6,54.7,39.6,12/20/2018
283.8,54.8,39,12/23/2018
281.9,55,38.5,12/24/2018
281.7,54.9,39.4,12/26/2018
281,54.5,39,12/27/2018
276.6,53.9,39.4,1/1/2019
278.9,53.8,39.5,1/2/2019
278.3,53.8,41.7,1/3/2019
275.2,53.1,42.5,1/6/2019
273.8,52.8,42.1,1/7/2019
273,52.7,43.3,1/8/2019
271.1,52.9,43.3,1/9/2019
269.8,53,42.8,1/10/2019
266.2,53.7,43.2,1/13/2019
264.2,53.7,42.8,1/14/2019
267.6,54,43,1/15/2019
271.7,54.4,42.8,1/16/2019
272.9,54.1,42.9,1/17/2019
270,53.5,43.1,1/20/2019
272.4,53.2,43.1,1/21/2019
275.7,53,42.8,1/22/2019
275.8,52.7,42.6,1/23/2019
273.9,54.1,42.6,1/24/2019
269.9,53.7,42.9,1/27/2019
266.5,53,42.4,1/28/2019
274.2,52.8,41.8,1/29/2019
273,53,42.4,1/30/2019
276.4,52.8,42.4,1/31/2019
276.2,52.8,41.8,2/3/2019
278.6,52.9,41.2,2/4/2019
277.7,52.6,41,2/5/2019
277.1,52.6,39.9,2/6/2019
277.2,52.4,41.4,2/7/2019
277.4,53.6,41.4,2/10/2019
278.9,53.9,41.3,2/11/2019
277.7,52.8,41.5,2/12/2019
277,52.3,41.6,2/13/2019
275.1,52,41.4,2/14/2019
274.6,51.9,41.5,2/17/2019
272.4,51.9,42,2/18/2019
270.7,52,42.3,2/19/2019
272.1,52.4,42.6,2/20/2019
270.1,52.2,41.9,2/24/2019
271.4,52.6,42.1,2/25/2019
270.1,51.9,41.6,2/26/2019
270.2,51.4,41.7,2/27/2019
266.6,51.5,37,3/4/2019
266.5,51.2,36.7,3/5/2019
268,52.2,36.1,3/6/2019
267.7,53.1,36.6,3/7/2019
271.1,52.1,36.9,3/10/2019
271.8,51.7,36.9,3/11/2019
270.3,51.2,36.6,3/12/2019
272.7,51.1,36.1,3/13/2019
273.1,50.1,36.5,3/14/2019
272.5,47.7,35.7,3/18/2019
270.9,49.6,35.8,3/19/2019
271.4,49.1,35.6,3/20/2019
268.9,48.9,35.8,3/21/2019
271.3,45,35.1,3/24/2019
280.1,43.9,35.5,3/25/2019
277.7,44.4,35,3/27/2019
272.4,44.6,35.2,3/28/2019
272.3,44.6,35.1,3/31/2019
268.1,44.3,34.7,4/1/2019
268.8,43.8,34.6,4/2/2019
267.3,43.4,34.3,4/3/2019
265.7,43.1,34.1,4/4/2019
268.6,43.2,34,4/7/2019
263,43.4,33.3,4/8/2019
262.1,43,33,4/9/2019
263.7,43,32.4,4/10/2019
262.8,42.7,32.9,4/11/2019
261.3,42.6,33,4/15/2019
265.8,42,32.5,4/16/2019
267.1,41.9,32.8,4/17/2019
267.2,42,33.3,4/18/2019
263.9,42,32.8,4/21/2019
264,41.7,32.7,4/23/2019
264.3,41.6,32.3,4/24/2019
263.8,41.5,32.4,4/25/2019
264.8,41.4,32.2,4/28/2019
264.6,40.6,32.3,4/29/2019
267.2,41.5,32.8,4/30/2019
262.7,41.3,33.4,5/2/2019
265.3,45.2,33.8,5/5/2019
263.1,43.9,32.8,5/6/2019
263.1,42.7,32.7,5/7/2019
265.6,43,32.6,5/8/2019
267.6,42.8,32.5,5/9/2019
274.4,43.3,32.7,5/12/2019
278.2,44.1,32.9,5/13/2019
275.3,43.9,32.5,5/14/2019
274.5,43.2,32.2,5/15/2019
258.1,43.1,32.6,5/16/2019
263.5,42.9,32.7,5/19/2019
261.4,42.7,32.4,5/20/2019
260,42.9,32,5/21/2019
259.9,43.3,32,5/22/2019
257.4,43.5,32,5/23/2019
253.6,43.5,32.1,5/26/2019
254.2,43.7,32.1,5/27/2019
254.4,43.6,32.1,5/28/2019
251.7,47.4,32.3,5/29/2019
248.2,48,32.9,5/30/2019
247.9,47,33.2,6/9/2019
250.7,47.8,33.3,6/10/2019
250.8,47.2,33.9,6/11/2019
248.3,46.6,33.6,6/12/2019
248.7,48,33.2,6/13/2019
251,47.1,32.9,6/16/2019
251.3,47,32.9,6/17/2019
253.3,46.3,33.5,6/18/2019
254.2,45.6,33.5,6/19/2019
253.7,47.1,33.2,6/20/2019
253.3,46.3,33.2,6/23/2019
254.8,45.6,33,6/24/2019
257.9,45.3,33,6/25/2019
256.8,45.9,33.1,6/26/2019
258.9,45.7,33.4,6/27/2019
261.8,45.5,33.8,6/30/2019
262.7,45,34,7/2/2019
263.2,44.3,33.9,7/3/2019
261.8,44.1,33.3,7/4/2019
264.1,43.4,33.1,7/7/2019
265.3,44.3,32.8,7/8/2019
264,43.9,32.2,7/9/2019
262.4,43.2,31.9,7/10/2019
263.8,41.9,31.8,7/11/2019
267.8,41.1,31.4,7/14/2019
267.1,40.7,31.2,7/15/2019
265,41.2,30.8,7/16/2019
269.3,41.7,31.2,7/17/2019
271.7,41.4,31.3,7/18/2019
272.6,41,30.1,7/21/2019
266.8,41,29.7,7/22/2019
263.3,41,31.2,7/23/2019
266.7,40.9,31.1,7/24/2019
267.2,40.9,31.5,7/25/2019
266.5,41,31.4,7/28/2019
264,40.8,31.4,7/29/2019
267,43.9,31.3,7/30/2019
266.9,43.3,31.1,7/31/2019
265.7,42.9,30.6,8/1/2019
265.7,42.1,30.6,8/4/2019
264.7,42.7,30.7,8/5/2019
264,43.9,31.2,8/6/2019
264,46,31.5,8/7/2019
266,45.7,31.7,8/8/2019
268.4,45,31.9,8/18/2019
269.9,45.7,31.6,8/19/2019
270.9,45.6,32,8/20/2019
274.1,45.5,35.2,8/21/2019
276.1,45.5,35.1,8/22/2019
273.8,44.5,33.7,8/25/2019
272.6,42.5,32.8,8/26/2019
270.1,41.3,32.9,8/27/2019
268.1,41.7,32.6,8/28/2019
266.7,41.1,32,8/29/2019
267.7,41.2,31.8,9/1/2019
269.6,41.2,31.5,9/2/2019
268,41.1,31.4,9/3/2019
268.5,41.2,31.5,9/4/2019
266.4,41.6,31.2,9/5/2019
267.6,41.3,31.5,9/8/2019
267.3,41.1,31.4,9/9/2019
272.1,40.9,30.1,9/11/2019
272.2,41.1,29.6,9/12/2019
269.9,40.7,30.2,9/15/2019
269.4,40.2,30.5,9/16/2019
269.5,39.8,30.7,9/17/2019
267.7,40.5,30.9,9/18/2019
268.1,40.4,30.6,9/19/2019
266.9,39.8,30.7,9/22/2019
267.1,39.4,31,9/23/2019
268,39.7,31,9/24/2019
267,39.2,30.5,9/25/2019
267.5,38.3,30.7,9/26/2019
266,38.4,30.7,9/29/2019
260.8,39.9,30.2,9/30/2019
262.8,40.5,30.2,10/1/2019
260.3,40.1,30.7,10/2/2019
262.4,41.7,30.8,10/3/2019
260.3,41.7,30.3,10/6/2019
256.6,41.4,30,10/7/2019
258.2,40.3,29.6,10/9/2019
259,41.4,29.6,10/10/2019
260.2,40.7,29,10/13/2019
257.2,40.1,28,10/14/2019
257.3,40.4,29.8,10/15/2019
259.4,40.4,30,10/16/2019
258.6,40.4,29.5,10/17/2019
257.6,40,29,10/20/2019
259.9,39.8,29.2,10/21/2019
260,39.5,28.1,10/22/2019
261.5,39.2,28.6,10/23/2019
261.8,39.1,28.9,10/24/2019
259.4,40.1,29,10/27/2019
258.6,40.1,29.5,10/28/2019
257.6,40,31.1,10/29/2019
257.6,40.1,30.9,10/30/2019
255,40.9,31.1,10/31/2019
254.2,40.5,31,11/3/2019
248.4,40.1,30.8,11/4/2019
248.7,40.2,30.8,11/5/2019
252.4,39.9,30.9,11/6/2019
249.5,39.9,30.7,11/7/2019
248.9,39.7,31.5,11/11/2019
248.8,39.5,31.6,11/12/2019
248.3,38.8,31,11/13/2019
247.6,38.8,31.5,11/14/2019
245.8,38.7,31.9,11/17/2019
251.9,38.6,32,11/18/2019
255.2,38.9,31.8,11/19/2019
254.8,39.9,31.6,11/20/2019
253.9,39.7,31.8,11/21/2019
256.2,39.3,31.4,11/24/2019
257.7,39.1,31.4,11/25/2019
257.4,38.7,31.5,11/26/2019
257.9,38,31.7,11/27/2019
255.2,37.7,32.1,11/28/2019
254.1,36.9,32.4,12/1/2019
257.5,36.4,31.5,12/2/2019
260.2,36.4,31.4,12/3/2019
260.7,36.7,31.4,12/4/2019
260.6,36.1,31.1,12/5/2019
261.2,36.6,30.6,12/8/2019
260.7,37.3,30.6,12/9/2019
263.4,37.6,31,12/10/2019
263.5,36.6,31.3,12/11/2019
264.3,36.1,30.8,12/12/2019
259.1,37.2,30.5,12/15/2019
260.2,37.8,29.4,12/17/2019
259.9,38.4,29.8,12/18/2019
258.8,39,29.7,12/19/2019
258.2,40.6,30.1,12/22/2019
258.1,39.9,29.5,12/23/2019
258.1,39.9,29.2,12/24/2019
258.2,39.7,29.4,12/26/2019
256.6,39.6,28.8,12/29/2019
253.2,39.6,28.7,12/30/2019
255.4,39.7,29.1,1/1/2020
254.9,39.8,29.5,1/2/2020
254.8,40.2,28.8,1/5/2020
253.5,40.1,28.9,1/6/2020
247.6,40.4,28.3,1/7/2020
250.7,40.1,28.1,1/8/2020
250,40,27.8,1/9/2020
250,39.9,28,1/12/2020
251.7,39.2,27.8,1/13/2020
251.4,39.1,26.5,1/14/2020
251.3,39,26.5,1/15/2020
250.9,38.9,26.3,1/16/2020
251.9,38.6,28.3,1/19/2020
251.8,38.2,28.8,1/20/2020
252.8,38,29.3,1/21/2020
251.6,37.7,29.7,1/22/2020
253,37.2,30.2,1/23/2020
251.1,37.5,30.3,1/26/2020
251.1,37.4,29.7,1/27/2020
250.8,37.4,29.9,1/28/2020
251.1,36.8,29.8,1/29/2020
251.2,37.1,30,1/30/2020
251.6,37.5,30.5,2/2/2020
251.4,37.4,31,2/3/2020
251.3,37.3,30.8,2/4/2020
253.6,36.6,30.1,2/5/2020
253.1,36.7,30.3,2/6/2020
251.9,36.9,29.7,2/9/2020
250.8,37.3,29.8,2/10/2020
250.8,36.9,30.2,2/11/2020
250.1,37,31,2/12/2020
245.9,36.7,32.5,2/13/2020
246.5,36.7,33.9,2/16/2020
246.2,35.8,33.9,2/17/2020
246.6,36.3,33.6,2/18/2020
244.1,36.1,33.2,2/19/2020
243.9,36,34,2/20/2020
242.8,35.9,32.9,2/23/2020
241.9,35.8,32.9,2/24/2020
236.4,35.3,30.5,2/26/2020
228.8,34.7,29.4,2/27/2020
226.9,32.8,28.4,3/1/2020
237.6,31,29,3/2/2020
236.6,32,29.5,3/3/2020
234.8,31.9,28.9,3/4/2020
234.8,32,28.5,3/5/2020
235.2,32.6,27.6,3/8/2020
236.9,32.9,25,3/9/2020
236.1,32.7,26.4,3/10/2020
235.4,33,28.1,3/11/2020
234.4,33.6,27.8,3/12/2020
234.7,33.9,26.1,3/15/2020
235.8,33.5,24.9,3/16/2020
238.1,33.3,22.9,3/18/2020
240.6,32.9,26.5,3/19/2020
237.7,32.5,26,3/22/2020
241.8,32.7,26,3/23/2020
239.3,32,26,3/24/2020
240.3,32.1,26,3/25/2020
238.5,32.2,26,5/31/2020
238.2,32.4,26,6/1/2020
240.8,32.1,26,6/2/2020
236.9,32.4,26,6/3/2020
238.2,31.8,26,6/4/2020
238.3,32.1,26,6/7/2020
240.2,31.8,26,6/8/2020
239.1,31.8,26,6/9/2020
238.4,31.9,26,6/10/2020
236.6,31.9,26,6/11/2020
237.5,31.6,26,6/14/2020
235.1,31.8,26,6/15/2020
237.6,31.9,26,6/16/2020
236.3,31.9,26,6/17/2020
235.9,35,26,6/18/2020
237,38.5,26,6/21/2020
238,39.4,26,6/22/2020
237.6,36.5,26,6/23/2020
240.8,38.7,26,6/24/2020
242.6,37.6,26,6/25/2020
237.3,36.2,26,6/28/2020
238.4,35.2,26,6/29/2020
238.6,34.7,26,6/30/2020
214.4,34.5,26,7/2/2020
217.9,35.3,26,7/5/2020
214.9,36.7,26,7/6/2020
213.7,35.4,26,7/7/2020
212.4,34.5,26,7/8/2020
211.8,34.7,26,7/9/2020
208.3,34.8,26,7/12/2020
210.6,34.6,26,7/13/2020
204.9,34.1,26,7/14/2020
200.4,33.8,26,7/15/2020
201.4,33.9,26,7/16/2020
199.8,33.8,26,7/19/2020
198.6,33.6,26,7/20/2020
191.1,36,26,7/21/2020
187.3,36.7,26,7/22/2020
190.1,36.8,26,7/23/2020
190,39.4,26,7/26/2020
190.4,40.1,26,7/27/2020
186.8,38.6,26,7/28/2020
182.4,40.5,26,7/29/2020
183,41.8,26,7/30/2020
182.1,41.1,26,8/3/2020
182,40.2,26,8/4/2020
185.9,39.7,26.2,8/5/2020
188.3,38.7,26,8/6/2020
188.9,40.1,26.9,8/9/2020
190,41.2,26.7,8/10/2020
188.7,41.7,27,8/12/2020
189,44.5,27.8,8/13/2020
185.8,44.8,29.2,8/16/2020
182.9,44.6,28.5,8/17/2020
180.6,46.5,27.8,8/18/2020
175.1,48,28.4,8/19/2020
170.6,47.5,28.4,8/20/2020
171.9,50.3,28.2,8/23/2020
168.3,50.4,28.1,8/24/2020
162.7,47.8,27.9,8/25/2020
166,47.8,27.6,8/26/2020
178.4,46,28.1,8/27/2020
192.8,46.6,28,8/31/2020
195.2,44.3,27.5,9/1/2020
195.1,46.7,27.4,9/2/2020
198.8,47.8,27.8,9/3/2020
198.9,48.3,28.2,9/6/2020
198.1,48.5,28,9/7/2020
198,48.5,28.2,9/8/2020
198,50.5,27.7,9/9/2020
197.4,48.9,27.7,9/10/2020
198.2,47.7,28.2,9/13/2020
197,47.3,29.4,9/14/2020
197.1,46,29.2,9/15/2020
197,45.5,29.7,9/16/2020
199.7,45.6,29.2,9/17/2020
197.1,44.4,29.3,9/20/2020
196.1,44.1,28.6,9/21/2020
197.1,41.8,28.3,9/22/2020
197.9,42.1,28,9/23/2020
197.6,44.5,28.1,9/24/2020
199.1,43.3,27.7,9/27/2020
203.9,42.3,27.6,9/28/2020
206.1,40.1,27.7,9/29/2020
206.7,36.3,27.6,9/30/2020
205.5,38.3,27.5,10/1/2020
207.9,39.4,27.5,10/4/2020
205.6,37.6,27.3,10/5/2020
203.5,36.1,27.3,10/6/2020
200.1,33.9,27.3,10/7/2020
197.1,32.7,27.1,10/8/2020
193.4,36.5,26.8,10/11/2020
193.4,35.9,26.3,10/12/2020
191.2,35.9,26.3,10/13/2020
191,36,26.6,10/14/2020
186.3,37,26.5,10/15/2020
185.2,35.9,26.6,10/18/2020
186.4,35.9,26.4,10/19/2020
173.3,35.9,26.8,10/20/2020
178.3,35.9,26.6,10/21/2020
181.5,35.9,26.4,10/22/2020
179.8,35.9,26.2,10/25/2020
177.4,35.9,26.1,10/27/2020
164.2,35.9,26,10/28/2020
159.5,35.9,26,10/29/2020
170.4,35.9,26.1,11/1/2020
172.5,35.9,26.2,11/2/2020
172.5,35.9,26,11/3/2020
172.5,35.9,26,11/4/2020
172.5,35.9,26,11/5/2020
189.6,35.9,26,11/8/2020
175.7,35.9,26,11/9/2020
172.5,35.9,26,11/10/2020
172.5,35.9,26,11/11/2020
172.5,35.9,26,11/12/2020
172.5,35.9,26,11/15/2020
172.5,35.9,26,11/16/2020
172.5,35.9,26,11/17/2020
172.5,35.9,26,11/18/2020
172.5,35.9,26,11/19/2020
172.5,35.9,26,11/22/2020
172.5,35.9,26,11/23/2020
172.5,35.9,26,11/24/2020
172.5,35.9,26,11/25/2020
172.5,35.9,26,11/26/2020
172.5,35.9,26,11/29/2020
172.5,35.9,26,11/30/2020
172.5,35.9,26,12/1/2020
172.5,35.9,26,12/2/2020
172.5,35.9,26.2,12/3/2020
172.5,35.9,26.3,12/6/2020
172.5,35.9,26.3,12/7/2020
172.5,35.9,26.4,12/8/2020
172.5,35.9,27,12/9/2020
172.5,35.9,27.2,12/10/2020
172.5,35.9,27.2,12/13/2020
172.5,35.9,27,12/14/2020
172.5,35.9,26.9,12/15/2020
174.9,35.9,26.4,12/17/2020
180.7,35.9,26.6,12/20/2020
180.9,36.1,26.4,12/21/2020
182.2,38,26.1,12/22/2020
178.3,37,26.1,12/23/2020
176.6,37.5,26.2,12/24/2020
174.6,38.4,27.1,12/27/2020
175.3,40.5,26.6,12/28/2020
175.3,42.7,26.4,12/29/2020
175,41.4,26.1,12/30/2020
174.7,41,26.6,1/3/2021
180.8,40.1,27.2,1/4/2021
180.4,38.5,28.2,1/5/2021
178.9,39,28.8,1/6/2021
179.2,42.9,29.1,1/7/2021
181,42.2,28.7,1/10/2021
187,42.3,28.7,1/11/2021
186.5,42.9,29.9,1/12/2021
184.7,43.4,28.8,1/13/2021
188.5,45.4,29,1/14/2021
199.5,44.1,28.7,1/17/2021
200,43.9,28.1,1/18/2021
205.3,43.8,27.6,1/19/2021
202.6,43.5,26.9,1/20/2021
203.6,43.3,27.6,1/21/2021
204.9,44.1,27.3,1/24/2021
199.8,44.1,30,1/25/2021
203.1,43.9,29.2,1/26/2021
205.4,43.7,28.7,1/27/2021
209.3,43.6,28.4,1/28/2021
210.3,43.9,27.7,1/31/2021
212.8,44,27.6,2/1/2021
217.4,43.8,27.7,2/2/2021
216.4,43.7,27.4,2/3/2021
218.9,42.6,28,2/4/2021
216.6,41.5,27.5,2/7/2021
214.5,42,26.8,2/8/2021
213.3,42.6,27.1,2/9/2021
213.1,42.7,27,2/10/2021
212.9,42.1,26.9,2/11/2021
213.5,41.7,26.5,2/14/2021
211.3,40.9,26.8,2/15/2021
212.8,40.5,26.6,2/16/2021
215.9,40.4,26.7,2/17/2021
215.9,40.5,27,2/18/2021
217,40.2,26.8,2/22/2021
216.2,40.1,26.8,2/23/2021
215.3,39.1,27,2/24/2021
213.5,39.7,26.1,2/28/2021
210,39.1,26.3,3/1/2021
205.6,39,26.8,3/2/2021
205.5,40.2,26.7,3/3/2021
206.1,39.7,26.5,3/4/2021
206,39.6,26.3,3/7/2021
205.9,41.3,26.2,3/8/2021
206.1,41.4,26.2,3/9/2021
204,42.4,26.1,3/10/2021
203.8,41.9,26.7,3/11/2021
202.5,41.4,26.2,3/14/2021
201.3,40.6,26.2,3/15/2021
201.4,39.7,26.2,3/16/2021
202.5,39.5,26.1,3/18/2021
202.5,39.3,26,3/21/2021
203.6,39.3,26,3/22/2021
205.5,39.8,26.1,3/23/2021
206.1,39.1,26,3/24/2021
206,38.6,26.1,3/25/2021
204.9,38.2,26.3,3/28/2021
203.7,38.8,26.4,3/29/2021
204.1,38.7,26,3/31/2021
203.9,38.1,26.4,4/1/2021
203.9,38,26.6,4/4/2021
205.1,37.5,27.9,4/5/2021
203.2,37.3,30.4,4/6/2021
201.7,37.1,32.8,4/7/2021
199.5,37.1,31.4,4/8/2021
198.4,36.8,28.8,4/11/2021
198.1,36.8,31.4,4/12/2021
199.6,36.5,31.5,4/13/2021
201.7,36.5,29.8,4/15/2021
200.6,36.9,30.4,4/18/2021
202.8,36.7,30.2,4/19/2021
201.9,36.5,31.2,4/20/2021
202.4,36.3,32.6,4/21/2021
202.3,36.2,32.8,4/22/2021
201.5,36.6,32.4,4/25/2021
202.6,40.2,33.9,4/26/2021
204.2,39.9,32.7,4/27/2021
209.6,40.7,32.7,4/28/2021
207.7,41.2,32.3,4/29/2021
207.7,40.9,33.8,5/2/2021
208,41.9,33.5,5/3/2021
191.9,41.2,33.7,5/4/2021
191.9,43.1,33.1,5/5/2021
192,42.3,32.4,5/6/2021
190,42.5,33,5/9/2021
188.9,42,33,5/11/2021
183.9,40.6,32.6,5/12/2021
184.7,41.5,33.2,5/16/2021
185.4,42.6,32.6,5/17/2021
187.1,45.2,32.3,5/18/2021
192.3,47.8,32.4,5/19/2021
197.5,47,31.8,5/20/2021
196.7,46,31.4,5/23/2021
196,46.3,31.8,5/24/2021
196.9,47.8,30.9,5/25/2021
197,52.5,31.6,5/27/2021
201.1,57.6,32.7,5/30/2021
199.9,54.3,32.6,5/31/2021
200.5,56,32,6/1/2021
198.2,54.1,31.6,6/2/2021
203.2,59.4,31.6,6/3/2021
202.9,63.5,32.4,6/6/2021
205.1,67.1,31.8,6/7/2021
207.6,63,32.1,6/8/2021
213.4,68.5,32.7,6/9/2021
216.9,62.8,35.9,6/10/2021
218.1,60,36.6,6/13/2021
219.5,58.2,35.2,6/14/2021
237.8,60.3,35,6/15/2021
231.6,58,35.9,6/16/2021
223.4,56.3,35.9,6/17/2021
224.4,53.7,37.4,6/20/2021
223,52.8,36.9,6/21/2021
220.5,52.9,36.2,6/22/2021
228.5,53.4,35.2,6/23/2021
234.4,50.2,35,6/24/2021
234.8,51.3,34.3,6/27/2021
238.3,52.6,34.6,6/28/2021
230.2,56,34.4,6/29/2021
229.7,54.7,35.2,6/30/2021
227.8,51,35.5,7/5/2021
226,49.8,35,7/6/2021
229.7,53.1,35,7/7/2021
230.3,52.5,35.1,7/8/2021
239.8,50.8,35.1,7/12/2021
237,49.8,36.3,7/13/2021
234.5,53.3,36,7/14/2021
236.2,51.9,37.1,7/15/2021
231.1,51,37.2,7/18/2021
227.5,50.9,38.6,7/19/2021
224.9,49.8,39.4,7/25/2021
225.5,49.1,40,7/26/2021
229.6,50,39,7/27/2021
224.8,52.8,39.2,7/28/2021
226.9,52,40.8,7/29/2021
226.5,51.8,42.1,8/2/2021
227.6,52.6,43.6,8/3/2021
225.9,51.1,45.2,8/5/2021
226.2,52.6,45.7,8/9/2021
226.6,57.6,44.1,8/10/2021
223.9,57.1,44.1,8/11/2021
224.2,60,44.1,8/12/2021
223.5,60.7,43.8,8/16/2021
217.7,59.3,44.9,8/17/2021
212.2,55.9,44.9,8/18/2021
214.1,58.1,45.1,8/19/2021
214.8,56,45,8/22/2021
216.4,53.8,44.9,8/23/2021
216.3,52.3,46.8,8/24/2021
217.6,54.2,45.9,8/25/2021
217.5,53.3,45.3,8/26/2021
218.4,50.6,46,8/29/2021
219.1,50.1,45.9,8/31/2021
219.4,51.2,45.8,9/1/2021
218.4,49.1,46.5,9/2/2021
216.9,48.6,48.2,9/5/2021
216,43.9,48.5,9/6/2021
214.4,46.7,49.3,9/7/2021
213.6,48.8,49.2,9/8/2021
214.2,50.2,49.4,9/9/2021
213.4,48.6,47.9,9/12/2021
208.8,46.7,47.4,9/13/2021
207.9,48.2,45.8,9/14/2021
207,50.7,46.3,9/15/2021
203.6,52.9,45.7,9/16/2021
200.4,53.8,45,9/19/2021
200.1,55.5,45.7,9/20/2021
199,58.2,46.2,9/21/2021
196.6,57.1,47,9/22/2021
196.4,57.7,46.4,9/23/2021
192.9,57.2,46.3,9/26/2021
193,61.8,47.3,9/27/2021
198.3,60,47.8,9/28/2021
200.1,62.6,47.3,9/29/2021
200.4,61.7,47.8,9/30/2021
197.2,62.3,48.5,10/3/2021
199.8,59.3,49.5,10/4/2021
201.5,58.8,49.3,10/5/2021
202.8,59.6,52.7,10/6/2021
202.9,58.2,51.9,10/7/2021
205.1,59,51.7,10/10/2021
209.3,59.3,50.8,10/11/2021
209.4,58.5,49.5,10/12/2021
211.9,58,49.1,10/13/2021
215,57.4,48.4,10/14/2021
212.3,56.5,46.3,10/17/2021
211.5,57.8,46,10/18/2021
211.2,56.8,45.3,10/19/2021
211.8,56.5,45.2,10/21/2021
210.2,56.8,47,10/24/2021
210.1,56.2,46.3,10/25/2021
208.9,57.7,47.1,10/26/2021
208.7,59,47,10/27/2021
209.2,62.2,47.1,10/28/2021
208.7,59.9,47.2,10/31/2021
209,59.6,45.7,11/1/2021
210,59.5,44.7,11/2/2021
214.7,60.7,43.4,11/3/2021
215.7,59.5,43.8,11/4/2021
213.4,58.6,43.4,11/7/2021
212.9,58.5,42.8,11/8/2021
211.9,57.8,44,11/9/2021
210.3,57.2,45.2,11/10/2021
210.8,56.7,44.9,11/11/2021
210.6,57.3,44.7,11/14/2021
211.9,58.3,43.7,11/15/2021
215.5,57.7,43.9,11/16/2021
213,58.4,43.4,11/17/2021
213.7,58.4,43.4,11/18/2021
212.3,57.3,44,11/21/2021
212.3,57.2,44.7,11/22/2021
213.4,57.3,45.3,11/23/2021
214.6,56.4,44.5,11/24/2021
214.1,57.6,44.1,11/25/2021
214.5,58.3,43.8,11/28/2021
214.3,59.3,44.2,11/29/2021
214.5,59.2,43.8,11/30/2021
213.6,60.9,44.1,12/1/2021
212.6,62.5,45,12/2/2021
213.5,64.2,45.3,12/5/2021
213.8,63.7,45.2,12/6/2021
213.8,65.2,45.7,12/7/2021
214,63.5,45.3,12/8/2021
213.7,63.6,45.5,12/9/2021
213.1,63.3,45.7,12/12/2021
213.1,63.8,44.9,12/13/2021
213.1,64.7,44.3,12/14/2021
213.8,64.2,44.7,12/15/2021
213.8,63,44.3,12/19/2021
215.5,62.7,44,12/20/2021
219.4,62.6,43.9,12/21/2021
217.9,62.9,43.6,12/22/2021
214.8,63.9,43.4,12/23/2021
217.5,64.5,42.4,12/26/2021
216.3,63.8,43.1,12/27/2021
216.1,66,43.8,12/28/2021
217.1,67.1,43.1,12/29/2021
217.6,67.9,44.4,12/30/2021
223.7,68.4,44.5,1/2/2022
224,67.5,44.3,1/3/2022
224,69.8,44.3,1/4/2022
223.4,71.9,44.6,1/5/2022
222.7,74.7,45.1,1/6/2022
222.8,74.3,46.2,1/9/2022
222,73.6,46.3,1/10/2022
221.1,72.7,50.9,1/11/2022
222.9,73.6,55.9,1/12/2022
226.8,76.9,55.7,1/13/2022
231.9,80.7,60.9,1/16/2022
230.7,78.5,57,1/17/2022
231.3,78.7,55.6,1/18/2022
231,82.3,54.5,1/19/2022
232.4,80.7,53.4,1/20/2022
230.7,79.9,57.1,1/23/2022
229.8,79.6,54.9,1/24/2022
227,79.4,55.8,1/25/2022
229.2,76.3,57,1/26/2022
229.3,76.4,58.5,1/27/2022
230,75,59,1/30/2022
229.3,77.3,57.3,1/31/2022
229.3,76.8,61.2,2/1/2022
228.7,75,58.9,2/2/2022
226.6,79.5,55.1,2/3/2022
229.1,80.7,53.6,2/6/2022
229.4,79.2,52.9,2/7/2022
231.6,78.5,52.5,2/8/2022
233.3,80.1,53.4,2/9/2022
235.5,82.2,53,2/10/2022
243,85.5,52.2,2/13/2022
248.1,88.3,51.2,2/14/2022
244.3,92.4,52,2/15/2022
243.3,93.1,51.4,2/16/2022
241.9,98.1,51.4,2/17/2022
242.3,105.7,50.6,2/20/2022
244.4,103.4,50.5,2/22/2022
243.4,97.6,51.2,2/23/2022
241.9,98.2,47.7,2/27/2022
243.8,102.8,47.1,2/28/2022
244.9,98.8,45.8,3/1/2022
244.5,93,44.8,3/2/2022
243,95.9,45.6,3/3/2022
243.9,89.7,45,3/6/2022
243.8,89.9,42.8,3/7/2022
243.5,86.3,44,3/8/2022
242.2,88.2,45.5,3/9/2022
240.2,85.7,45.2,3/10/2022
239.2,82.8,47.2,3/13/2022
238.1,83.5,46.9,3/14/2022
240.7,85,46.1,3/15/2022
239.7,82.8,45.9,3/16/2022
239.1,79.9,45,3/20/2022
240.6,79,44.2,3/21/2022
240.7,76,44.8,3/22/2022
237.7,79.6,44.1,3/23/2022
235.3,81.4,43.5,3/24/2022
235.4,76.8,42.7,3/27/2022
230.9,77.2,44,3/28/2022
231.2,82.5,45.4,3/29/2022
233.8,85.2,44.9,3/30/2022
226.2,82.6,45.3,3/31/2022
222.2,80.2,44.5,4/3/2022
221.1,78.7,44.4,4/4/2022
220.2,81.7,44.1,4/5/2022
217.7,81.9,43.9,4/6/2022
219.2,82.6,43.7,4/7/2022
218.8,80.1,44.4,4/10/2022
216.6,77.9,43.9,4/11/2022
213.1,77.6,43.1,4/12/2022
210.2,76.1,42.9,4/13/2022
209.5,75.6,42.3,4/17/2022
209.5,74.6,41.5,4/18/2022
212.7,75.3,42.3,4/19/2022
216.3,73.5,43,4/20/2022
216.2,74.2,43.6,4/21/2022
216.3,76.7,43.9,4/24/2022
222.5,77.1,43.7,4/25/2022
228.2,77.9,43.9,4/26/2022
226.2,80.1,43.8,4/27/2022
224.9,77.9,43.2,4/28/2022
225.3,77,42.8,5/5/2022
223.3,76.5,45.1,5/8/2022
219.6,76.2,47.6,5/9/2022
218.3,76.7,46.7,5/10/2022
217.2,76.6,44.9,5/11/2022
217.2,74.9,45.8,5/12/2022
211.8,74.1,43.7,5/16/2022
217.9,74.5,43.5,5/17/2022
221.7,72.9,41.8,5/18/2022
221.9,71.1,41,5/19/2022
220.1,70.5,41,5/22/2022
220.9,69.3,42.6,5/23/2022
219,73.3,41.1,5/24/2022
219.8,71.4,41.3,5/25/2022
218.7,71.1,41.8,5/26/2022
218.9,74.3,43.7,5/29/2022
216.2,75.1,43.4,5/30/2022
217.4,77.4,43.8,5/31/2022
214.1,77.8,43.8,6/1/2022
214.3,81.5,45.6,6/2/2022
214,81.5,47.4,6/5/2022
214,83.2,46.7,6/6/2022
214.3,82.5,46,6/7/2022
212.6,79.7,48,6/8/2022
216.3,80.5,47.8,6/9/2022
216.2,79.4,47,6/12/2022
214.2,80.5,46.3,6/13/2022
214.3,79.6,47,6/14/2022
213.6,78.9,51.7,6/15/2022
214.7,77,52.3,6/16/2022
215.1,75,51.6,6/19/2022
214.8,75.2,50.6,6/20/2022
215.8,75.5,49.7,6/21/2022
216,75.5,49.8,6/22/2022
217.2,75.3,49.6,6/23/2022
222.6,76.4,48.7,6/26/2022
221.1,76,49.4,6/27/2022
222.4,80.7,50.2,6/28/2022
220.8,79.8,49.3,6/29/2022
220.9,78,49.3,6/30/2022
220.5,79.6,48.9,7/3/2022
221.2,79.6,49.3,7/5/2022
222.5,78.9,48.7,7/6/2022
220.2,79,48.8,7/7/2022
219.8,79.1,47.9,7/12/2022
220.1,79.1,47,7/13/2022
221.3,77.8,47.2,7/14/2022
220.8,78,46.3,7/17/2022
221.2,78.3,45.4,7/18/2022
220.2,77.5,44.5,7/19/2022
224.7,77,44,7/20/2022
227.3,74,43.2,7/21/2022
227.2,71.9,42.4,7/24/2022
232.2,69,44.2,7/25/2022
231.1,68.7,43.4,7/26/2022
230.9,69,42.6,7/27/2022
228.2,68.3,42.2,7/28/2022
230.4,67.8,43.6,7/31/2022
231.1,66.4,44.4,8/1/2022
231.2,62,45.8,8/2/2022
231.6,64.1,45.2,8/3/2022
230.1,67.1,44.9,8/4/2022
227.1,67,43.8,8/7/2022
224.8,70.4,44,8/8/2022
223.7,70.9,43.2,8/10/2022
226.2,70.5,43,8/11/2022
223.1,69.6,43.2,8/14/2022
219.7,68.3,43.9,8/16/2022
219.1,68.2,45.8,8/17/2022
219.5,69.9,45.7,8/21/2022
219.3,71.4,46.7,8/22/2022
218.1,72.1,45.3,8/23/2022
216.9,71.6,44.7,8/24/2022
212.3,76.7,45.7,8/25/2022
210.9,76.4,46.9,8/28/2022
214,75.5,46.4,8/29/2022
214.9,75,45.8,8/30/2022
217.4,78,46.3,8/31/2022
217.4,76.7,48.3,9/1/2022
217,78.9,49.1,9/4/2022
217.9,80.4,47.9,9/5/2022
216.5,78.9,50.1,9/6/2022
216.9,77.8,49,9/7/2022
220,78.4,47.5,9/8/2022
220,77.3,46.5,9/11/2022
219.7,77.6,46.5,9/12/2022
220.9,77.2,47.4,9/13/2022
220.5,75.7,46,9/14/2022
218.7,76.3,46.6,9/15/2022
218.1,76.9,45.6,9/18/2022
219.3,78,46.3,9/19/2022
219.8,78,46.2,9/20/2022
218.6,77.9,44.6,9/21/2022
219.4,78.4,44.5,9/22/2022
218.4,79,45.5,9/25/2022
221.4,78.6,44.9,9/26/2022
224,77.5,44.3,9/27/2022
223.8,77.6,45.2,9/28/2022
222.3,77.3,44.5,9/29/2022
224.8,76.2,44.6,10/2/2022
224.1,75.1,44.8,10/3/2022
222.7,74.6,45,10/4/2022
224.7,71.9,44.5,10/6/2022
224.8,74.7,43.1,10/10/2022
225.2,73.8,42.9,10/11/2022
225.2,73.1,42.9,10/12/2022
225.5,71.5,42.9,10/13/2022
225.9,72.8,42.9,10/16/2022
225.7,71.2,42.9,10/17/2022
225.5,71.8,42.9,10/18/2022
224.2,72.5,42.9,10/19/2022
223.2,74,42.9,10/20/2022
224.1,73,42.9,10/23/2022
224.1,72.3,42.9,10/24/2022
222.1,72.9,42.9,10/25/2022
223.2,72.7,42.9,10/26/2022
221.4,73.7,42.9,10/27/2022
220.5,74,42.9,10/30/2022
217.5,73.1,42.9,10/31/2022
215.1,73,42.9,11/1/2022
213.8,72.9,42.9,11/2/2022
212.4,72.4,42.9,11/3/2022
211.1,71.5,42.9,11/6/2022
211.5,70.9,42.9,11/7/2022
211.7,71.1,,
216.5,71.8,,
215.8,71,,
216.1,69.8,,
217.3,68.9,,
218.4,69.1,,
221.2,69,,
218.3,67.9,,
218.6,68.2,,
217.9,68.3,,
218.1,68,,
215.7,68.4,,
215.4,69.7,,
214.2,71.1,,
213.3,71.4,,
215.7,70,,
214.9,69.7,,
214.7,68.9,,
215.3,68.2,,
215,68.5,,
215,68.2,,
215.8,66.9,,
215.8,65.8,,
217.2,65.5,,
218,66.8,,
216.7,65.5,,
215.1,65.5,,
215.6,65.4,,
214.8,64.1,,
215.1,63.5,,
215.1,65.9,,
215.4,66.9,,
214.9,67.6,,
214.7,68.9,,
215.1,70.1,,
213.2,72.8,,
212.8,72.2,,
212.9,69.9,,
212.2,67.8,,
210.1,70.4,,
210,73.9,,
210.5,76.1,,
209.9,74.7,,
208.9,75.4,,
211.5,74.3,,
210.7,74.9,,
212.1,73.8,,
213.4,72.9,,
216.1,74.7,,
215.1,79,,
213.5,78.9,,
213.1,76.9,,
211.6,76.5,,
213.1,78.1,,
212.8,81,,
212.6,82.8,,
213,81.3,,
212.6,81.3,,
212,80.7,,
211.8,77.8,,
212,77.8,,
213.2,78.4,,
212.1,77.1,,
211.9,79.8,,
211.1,78.4,,
211.8,77.3,,
212.6,76.8,,
212.4,75.7,,
212.4,74.4,,
211.9,75.1,,
212.1,75.3,,
212.7,75.7,,
212,76,,
210.4,74.5,,
210.4,74,,
210,70,,
209.8,69.7,,
209.8,71.8,,
209.9,71.8,,
209.8,69,,
209.8,67.1,,
209.8,67.4,,
209.8,66.7,,
209.8,65.7,,
209.8,64.8,,
209.8,64.8,,
209.8,64.8,,
209.8,65,,
209.8,65.4,,
209.8,65,,
209.8,64.8,,
209.8,64.9,,
209.8,64.9,,
209.8,66,,
209.8,70.1,,
209.8,68.3,,
209.8,,,
209.8,,,
209.8,,,
209.8,,,
209.8,,,
209.8,,,
209.8,,,
209.8,,,
209.8,,,
209.8,,,
209.8,,,
210.8,,,
211.5,,,
209.8,,,
209.8,,,
